n_players, pocket_0, pocket_1, board_0, board_1, board_2, board_3, board_4
5, 26, 46, 42, 51, 25, 22, 7
7, 38, 4, 3, 43, 48, 2, 36
5, 21, 20, 22, 31, 6, 12, 35
4, 18, 42, 35, 44, 40, 25, 12
2, 39, 15, 2, 16, 13, 20, 34
6, 3, 5, 21, 50, 22, 8, 42
3, 27, 32, 24, 47, 11, 0, 20
4, 28, 50, 12, 1, 16, 25, 4
2, 30, 35, 4, 19, 31, 45, 1
2, 11, 48, 23, 47, 17, 29, 0
10, 0, 36, 18, 30, 2, 48, 26
3, 7, 19, 26, 49, 45, 4, 22
2, 27, 45, 17, 41, 48, 8, 19
5, 43, 8, 47, 50, 0, 22, 32
3, 18, 9, 17, 11, 46, 32, 47
7, 17, 10, 48, 7, 18, 25, 36
4, 21, 35, 38, 25, 5, 6, 15
8, 19, 10, 23, 12, 35, 27, 33
2, 29, 27, 5, 15, 40, 33, 21
7, 50, 9, 16, 51, 20, 26, 5
4, 20, 42, 37, 46, 4, 31, 13
3, 44, 27, 34, 19, 16, 30, 0
3, 15, 46, 16, 29, 51, 12, 20
4, 38, 29, 50, 28, 4, 47, 48
2, 48, 20, 6, 51, 44, 2, 34
10, 50, 43, 8, 47, 10, 7, 16
8, 5, 26, 22, 41, 2, 7, 24
8, 43, 27, 19, 22, 40, 16, 50
4, 8, 9, 41, 43, 5, 32, 38
7, 5, 7, 29, 27, 49, 51, 35
8, 41, 3, 34, 39, 32, 15, 5
8, 48, 31, 50, 33, 41, 24, 10
6, 19, 43, 12, 29, 2, 9, 28
5, 11, 12, 2, 44, 51, 28, 48
9, 18, 33, 14, 8, 48, 41, 2
7, 32, 18, 24, 50, 16, 41, 6
3, 11, 36, 13, 34, 31, 25, 46
7, 1, 20, 19, 50, 6, 15, 40
5, 28, 50, 31, 0, 15, 9, 16
5, 28, 32, 12, 8, 47, 21, 14
10, 50, 33, 11, 34, 19, 23, 3
10, 44, 43, 45, 36, 14, 9, 24
3, 18, 37, 43, 38, 21, 19, 16
2, 24, 21, 45, 6, 40, 42, 46
9, 44, 9, 6, 19, 7, 33, 21
7, 8, 0, 9, 16, 24, 39, 5
8, 4, 35, 43, 14, 11, 44, 7
8, 46, 49, 47, 36, 35, 44, 21
7, 29, 6, 18, 25, 39, 50, 35
3, 32, 42, 15, 2, 21, 41, 35
3, 23, 47, 14, 46, 21, 40, 20
7, 36, 25, 26, 45, 46, 18, 27
3, 40, 5, 44, 3, 22, 34, 11
8, 22, 40, 11, 29, 26, 32, 8
5, 8, 45, 44, 2, 38, 30, 32
10, 17, 1, 30, 26, 7, 39, 42
4, 23, 29, 46, 9, 16, 21, 2
4, 13, 9, 22, 2, 43, 20, 3
2, 33, 1, 13, 9, 29, 20, 10
4, 33, 11, 1, 9, 48, 29, 5
4, 25, 27, 18, 5, 30, 12, 41
8, 28, 7, 15, 34, 22, 17, 5
3, 25, 17, 49, 1, 19, 20, 21
3, 17, 26, 34, 50, 0, 36, 38
3, 36, 3, 25, 48, 31, 29, 50
5, 22, 30, 20, 25, 24, 35, 7
3, 45, 34, 4, 7, 49, 5, 42
9, 45, 51, 6, 27, 26, 41, 7
10, 37, 13, 31, 11, 42, 6, 48
3, 14, 12, 38, 27, 23, 34, 35
9, 30, 3, 51, 34, 31, 10, 23
2, 28, 6, 4, 48, 43, 26, 33
9, 44, 11, 3, 34, 27, 30, 25
7, 30, 8, 36, 28, 12, 39, 40
10, 7, 6, 25, 16, 0, 32, 26
3, 15, 2, 37, 36, 14, 48, 40
7, 8, 20, 34, 24, 0, 17, 18
10, 21, 12, 16, 50, 26, 5, 51
7, 40, 21, 14, 8, 42, 28, 50
8, 21, 2, 41, 13, 22, 35, 19
10, 37, 7, 6, 51, 24, 34, 3
10, 31, 9, 18, 23, 50, 44, 34
4, 3, 25, 23, 4, 20, 2, 38
3, 28, 2, 10, 12, 13, 24, 8
6, 23, 16, 11, 49, 43, 40, 13
10, 22, 43, 33, 21, 38, 37, 45
4, 34, 50, 26, 39, 12, 21, 47
3, 14, 31, 18, 6, 38, 9, 27
6, 50, 5, 49, 32, 27, 7, 15
4, 14, 7, 15, 13, 22, 31, 4
6, 34, 4, 33, 16, 35, 7, 24
5, 6, 29, 45, 44, 47, 40, 31
9, 33, 49, 32, 43, 22, 36, 4
4, 34, 12, 0, 21, 39, 11, 29
10, 37, 2, 51, 43, 36, 45, 44
2, 48, 16, 9, 27, 44, 40, 34
10, 14, 18, 11, 39, 45, 24, 22
9, 40, 39, 25, 33, 8, 37, 10
5, 22, 40, 42, 29, 19, 18, 7
4, 35, 48, 5, 13, 6, 16, 45
5, 36, 45, 8, 1, 43, 18, 2
4, 8, 45, 26, 25, 9, 47, 20
9, 26, 48, 37, 23, 35, 31, 51
9, 31, 34, 20, 3, 12, 11, 36
4, 38, 14, 46, 18, 11, 5, 9
6, 23, 27, 26, 7, 20, 15, 12
10, 20, 22, 50, 35, 26, 23, 34
10, 6, 23, 49, 43, 10, 19, 45
7, 44, 18, 27, 25, 39, 47, 11
10, 41, 27, 35, 5, 13, 8, 23
8, 37, 35, 50, 3, 31, 7, 13
9, 28, 20, 39, 22, 12, 46, 24
3, 51, 38, 18, 43, 27, 44, 41
10, 46, 37, 34, 38, 50, 11, 25
9, 47, 46, 29, 49, 48, 38, 3
9, 8, 6, 12, 13, 36, 3, 44
5, 4, 14, 0, 21, 40, 33, 46
5, 20, 23, 13, 11, 1, 7, 30
3, 20, 25, 39, 22, 2, 38, 15
6, 26, 41, 1, 34, 8, 25, 50
2, 19, 41, 20, 50, 12, 27, 31
5, 0, 13, 48, 37, 28, 35, 5
5, 42, 43, 25, 17, 12, 41, 34
2, 32, 24, 28, 10, 25, 43, 4
4, 6, 47, 48, 13, 37, 20, 50
6, 5, 43, 10, 45, 24, 49, 44
2, 8, 26, 25, 37, 44, 30, 48
10, 17, 45, 18, 3, 21, 1, 34
2, 9, 1, 21, 4, 45, 39, 5
2, 46, 12, 6, 13, 33, 32, 11
5, 32, 27, 28, 10, 16, 6, 30
3, 49, 12, 47, 41, 1, 50, 23
6, 48, 25, 18, 2, 50, 12, 24
7, 22, 49, 39, 28, 3, 0, 51
6, 22, 12, 41, 25, 5, 35, 30
7, 1, 3, 5, 7, 51, 15, 32
2, 41, 15, 35, 3, 4, 43, 28
8, 46, 16, 13, 51, 27, 42, 19
4, 1, 42, 22, 13, 4, 10, 17
4, 51, 6, 35, 25, 47, 31, 11
4, 28, 34, 18, 40, 4, 2, 9
8, 40, 48, 12, 50, 21, 37, 45
6, 44, 19, 47, 2, 46, 1, 22
5, 30, 18, 50, 51, 35, 17, 47
5, 0, 24, 39, 25, 44, 9, 13
10, 24, 19, 49, 14, 51, 10, 50
8, 30, 3, 6, 31, 23, 45, 47
5, 51, 1, 15, 30, 49, 5, 38
5, 2, 31, 42, 4, 19, 38, 15
5, 45, 0, 30, 34, 13, 21, 41
9, 26, 19, 11, 1, 23, 12, 48
6, 9, 46, 14, 34, 32, 4, 26
6, 22, 31, 7, 45, 13, 16, 12
8, 29, 6, 13, 47, 7, 28, 23
4, 32, 39, 46, 29, 9, 12, 15
10, 40, 11, 50, 32, 3, 8, 23
5, 21, 22, 18, 7, 37, 20, 19
7, 32, 27, 31, 26, 5, 3, 30
5, 38, 27, 3, 0, 28, 4, 7
2, 18, 27, 3, 35, 31, 38, 30
2, 1, 0, 8, 37, 18, 22, 33
9, 7, 46, 37, 50, 31, 25, 13
5, 26, 34, 44, 3, 43, 2, 33
7, 28, 41, 15, 30, 19, 3, 2
7, 51, 32, 33, 13, 11, 39, 50
9, 51, 50, 25, 36, 16, 22, 3
10, 50, 20, 24, 49, 25, 15, 6
3, 37, 26, 22, 44, 50, 31, 6
10, 8, 24, 20, 32, 3, 5, 49
10, 2, 0, 30, 35, 26, 41, 39
8, 6, 42, 7, 39, 8, 3, 49
7, 13, 4, 24, 1, 26, 41, 10
4, 4, 33, 48, 38, 11, 27, 3
6, 0, 33, 11, 35, 31, 20, 6
6, 18, 19, 40, 8, 0, 12, 46
6, 5, 12, 0, 29, 26, 6, 23
4, 14, 7, 5, 6, 10, 18, 21
7, 50, 0, 1, 3, 48, 14, 30
7, 12, 49, 45, 44, 28, 50, 27
6, 29, 18, 33, 41, 30, 35, 37
5, 20, 46, 4, 7, 23, 10, 33
5, 0, 45, 28, 14, 32, 16, 7
4, 26, 51, 27, 13, 20, 3, 38
10, 6, 31, 37, 26, 9, 10, 25
4, 17, 49, 51, 37, 39, 2, 14
8, 34, 12, 48, 26, 25, 40, 1
4, 21, 29, 1, 4, 45, 43, 5
3, 8, 9, 30, 41, 15, 37, 13
4, 21, 6, 22, 30, 49, 50, 15
7, 6, 15, 34, 22, 13, 43, 36
10, 3, 11, 29, 2, 13, 28, 6
2, 9, 39, 14, 33, 40, 0, 13
10, 2, 1, 12, 14, 29, 32, 36
5, 23, 33, 6, 24, 4, 0, 28
4, 46, 21, 27, 2, 36, 4, 8
6, 26, 29, 44, 25, 24, 22, 50
4, 44, 11, 47, 34, 45, 1, 49
7, 48, 25, 40, 13, 24, 39, 21
10, 12, 6, 18, 14, 35, 37, 22
9, 5, 31, 44, 18, 36, 29, 35
9, 32, 11, 34, 3, 9, 18, 20
7, 17, 43, 12, 4, 32, 51, 45
2, 49, 18, 37, 30, 10, 11, 28
5, 14, 17, 0, 36, 25, 42, 28
3, 19, 49, 43, 9, 13, 12, 22
8, 8, 28, 29, 45, 19, 38, 0
2, 48, 2, 12, 23, 6, 14, 32
7, 16, 30, 3, 7, 28, 2, 4
8, 33, 39, 31, 23, 3, 9, 5
2, 14, 51, 37, 49, 2, 47, 19
10, 15, 36, 13, 2, 41, 48, 12
7, 45, 42, 5, 48, 35, 18, 47
9, 13, 4, 1, 7, 36, 32, 39
5, 1, 11, 12, 10, 30, 20, 0
9, 19, 45, 8, 37, 35, 22, 39
6, 41, 30, 15, 8, 32, 42, 0
2, 16, 31, 42, 15, 34, 0, 1
7, 8, 26, 47, 17, 2, 49, 29
3, 23, 50, 40, 42, 36, 25, 51
8, 32, 11, 23, 33, 27, 6, 25
8, 31, 18, 25, 46, 45, 7, 14
10, 3, 41, 0, 17, 29, 39, 20
7, 42, 34, 39, 1, 15, 28, 45
3, 19, 7, 31, 34, 21, 42, 40
4, 2, 10, 7, 24, 8, 27, 38
9, 48, 3, 21, 8, 31, 23, 46
4, 29, 1, 5, 8, 36, 48, 31
2, 33, 30, 21, 26, 17, 23, 15
8, 9, 5, 16, 14, 25, 0, 46
7, 25, 24, 40, 4, 41, 33, 1
5, 28, 13, 15, 47, 46, 20, 24
7, 25, 17, 20, 12, 29, 49, 38
9, 13, 37, 26, 36, 35, 38, 49
4, 3, 23, 1, 9, 19, 2, 39
10, 44, 33, 47, 26, 28, 40, 6
10, 32, 2, 15, 43, 48, 16, 38
7, 41, 36, 24, 23, 33, 15, 28
7, 24, 0, 21, 26, 42, 33, 28
4, 31, 4, 18, 21, 39, 17, 42
8, 49, 11, 10, 43, 3, 38, 21
9, 35, 4, 10, 27, 39, 18, 41
7, 3, 36, 0, 5, 9, 1, 30
2, 22, 2, 43, 16, 3, 9, 50
6, 10, 34, 32, 23, 37, 45, 49
7, 49, 5, 17, 12, 43, 32, 8
9, 46, 12, 51, 17, 18, 19, 40
2, 39, 8, 30, 17, 33, 34, 44
10, 47, 29, 46, 0, 4, 35, 39
5, 22, 10, 14, 49, 44, 20, 50
4, 25, 3, 31, 29, 42, 18, 7
2, 3, 22, 33, 13, 15, 40, 23
8, 19, 34, 12, 3, 7, 25, 40
6, 36, 17, 13, 47, 10, 16, 43
10, 38, 41, 17, 29, 36, 21, 47
2, 5, 40, 47, 9, 33, 32, 20
10, 42, 5, 16, 41, 38, 43, 49
4, 20, 17, 14, 24, 47, 7, 8
9, 19, 6, 50, 37, 1, 22, 48
2, 49, 18, 7, 19, 45, 26, 2
2, 43, 7, 47, 1, 10, 5, 8
5, 21, 47, 48, 33, 35, 41, 4
8, 50, 13, 27, 28, 6, 51, 39
7, 9, 6, 47, 5, 43, 23, 37
10, 37, 13, 11, 42, 47, 17, 30
6, 20, 18, 7, 4, 43, 5, 31
7, 36, 0, 3, 24, 39, 20, 13
6, 26, 36, 35, 2, 37, 10, 8
6, 50, 43, 36, 18, 33, 41, 13
5, 31, 39, 43, 45, 40, 42, 9
8, 19, 47, 17, 10, 41, 37, 40
5, 49, 29, 26, 1, 21, 45, 18
10, 35, 0, 28, 39, 29, 51, 33
6, 16, 22, 48, 9, 50, 43, 47
2, 3, 34, 12, 0, 50, 29, 14
3, 47, 22, 1, 50, 33, 8, 24
4, 40, 2, 22, 30, 25, 47, 33
7, 21, 4, 2, 27, 6, 33, 28
5, 23, 20, 26, 47, 41, 40, 28
6, 10, 36, 7, 29, 41, 23, 44
9, 44, 40, 41, 12, 33, 2, 15
9, 27, 23, 46, 20, 31, 24, 36
2, 37, 36, 29, 25, 48, 23, 5
5, 4, 27, 37, 12, 5, 7, 25
5, 47, 24, 39, 2, 26, 16, 6
6, 18, 25, 9, 13, 44, 2, 50
2, 37, 12, 5, 35, 15, 32, 48
10, 17, 16, 27, 42, 6, 45, 18
8, 32, 34, 38, 4, 20, 42, 11
10, 22, 8, 5, 26, 32, 45, 43
2, 17, 47, 22, 23, 27, 48, 9
5, 33, 15, 24, 50, 9, 29, 22
5, 38, 0, 3, 42, 11, 49, 12
7, 0, 29, 32, 21, 33, 49, 43
8, 34, 27, 46, 5, 40, 16, 25
10, 31, 6, 41, 28, 30, 25, 21
2, 42, 3, 40, 7, 44, 22, 31
7, 40, 42, 48, 12, 35, 0, 13
9, 42, 5, 22, 36, 38, 49, 20
7, 49, 24, 6, 43, 40, 18, 8
10, 34, 8, 28, 46, 12, 35, 37
8, 50, 14, 31, 48, 12, 15, 26
2, 49, 21, 22, 7, 12, 33, 45
10, 45, 19, 41, 4, 43, 46, 0
2, 5, 50, 38, 34, 9, 21, 22
6, 44, 7, 49, 30, 16, 41, 25
3, 30, 35, 7, 26, 20, 25, 34
6, 42, 46, 31, 5, 2, 44, 35
7, 46, 26, 24, 38, 9, 48, 34
3, 36, 48, 0, 21, 10, 6, 9
4, 32, 34, 24, 41, 29, 47, 26
7, 17, 8, 27, 42, 46, 3, 21
2, 31, 15, 2, 6, 5, 7, 24
2, 17, 2, 29, 39, 44, 15, 25
10, 39, 21, 18, 10, 7, 30, 50
8, 40, 6, 44, 1, 41, 10, 42
6, 21, 51, 4, 25, 28, 34, 40
8, 23, 35, 41, 3, 7, 21, 20
3, 27, 36, 32, 41, 0, 2, 25
4, 36, 30, 40, 2, 29, 14, 25
3, 3, 4, 13, 25, 12, 5, 38
4, 20, 28, 33, 35, 34, 14, 36
9, 22, 41, 17, 34, 18, 33, 50
2, 45, 1, 11, 10, 21, 39, 43
4, 4, 8, 50, 2, 19, 44, 14
7, 45, 13, 49, 33, 35, 27, 43
3, 15, 31, 13, 5, 45, 34, 41
8, 18, 0, 8, 4, 16, 33, 11
5, 6, 33, 45, 28, 23, 21, 35
9, 18, 40, 31, 9, 25, 47, 17
7, 38, 37, 2, 46, 45, 18, 28
9, 26, 46, 13, 10, 48, 38, 24
6, 34, 48, 6, 36, 22, 3, 27
6, 28, 1, 38, 44, 27, 20, 6
3, 36, 28, 48, 19, 15, 31, 37
2, 27, 6, 20, 13, 24, 16, 34
8, 32, 42, 38, 43, 40, 50, 27
5, 4, 42, 5, 16, 40, 30, 10
6, 46, 45, 16, 37, 22, 1, 36
8, 34, 27, 22, 11, 7, 8, 48
4, 22, 35, 18, 4, 17, 51, 34
2, 27, 31, 18, 37, 16, 42, 8
4, 24, 18, 3, 42, 9, 8, 6
9, 22, 12, 18, 28, 4, 6, 17
8, 15, 2, 17, 14, 40, 7, 18
9, 18, 50, 21, 32, 35, 4, 33
5, 22, 0, 47, 1, 30, 40, 34
9, 37, 0, 32, 34, 20, 19, 36
8, 30, 22, 51, 38, 37, 24, 16
4, 43, 26, 42, 21, 35, 10, 20
9, 11, 23, 5, 35, 42, 8, 46
2, 38, 17, 41, 49, 48, 50, 28
7, 39, 23, 6, 40, 38, 24, 47
7, 10, 49, 2, 28, 8, 26, 25
10, 20, 25, 11, 18, 30, 14, 50
7, 25, 5, 50, 47, 23, 11, 51
7, 7, 20, 40, 22, 38, 49, 47
8, 50, 38, 46, 7, 51, 42, 19
3, 1, 19, 30, 17, 44, 15, 10
10, 8, 34, 0, 27, 49, 35, 47
5, 39, 9, 0, 34, 4, 20, 33
4, 29, 23, 33, 26, 0, 15, 30
4, 37, 20, 9, 12, 30, 26, 50
6, 9, 26, 7, 10, 3, 31, 39
4, 21, 18, 20, 22, 51, 6, 28
7, 18, 35, 33, 23, 3, 15, 10
4, 2, 14, 41, 30, 18, 36, 0
5, 24, 7, 3, 46, 22, 40, 9
4, 11, 4, 37, 31, 30, 33, 41
3, 24, 18, 28, 19, 16, 25, 26
7, 34, 15, 36, 35, 39, 1, 20
10, 50, 37, 41, 47, 22, 24, 45
5, 13, 10, 24, 38, 48, 37, 26
10, 11, 41, 17, 24, 25, 42, 14
2, 7, 0, 17, 5, 1, 15, 21
5, 7, 1, 16, 51, 17, 20, 33
4, 40, 47, 7, 32, 42, 6, 22
6, 7, 50, 12, 45, 49, 1, 37
2, 33, 47, 46, 32, 27, 45, 3
8, 46, 49, 28, 20, 37, 47, 1
6, 28, 31, 24, 33, 40, 26, 18
2, 47, 9, 22, 11, 39, 38, 46
6, 20, 2, 6, 25, 36, 26, 39
6, 36, 33, 42, 40, 19, 10, 5
5, 20, 45, 28, 42, 32, 19, 41
5, 27, 21, 47, 43, 35, 26, 41
8, 21, 25, 42, 13, 39, 45, 9
10, 0, 43, 47, 23, 9, 4, 34
6, 5, 18, 13, 35, 50, 32, 31
6, 37, 45, 41, 40, 14, 31, 46
10, 5, 2, 12, 41, 19, 28, 43
10, 14, 11, 49, 37, 29, 48, 45
9, 38, 0, 9, 5, 51, 50, 32
9, 15, 38, 34, 14, 36, 26, 32
9, 39, 32, 23, 21, 0, 6, 16
3, 18, 41, 8, 11, 37, 34, 20
4, 32, 46, 51, 16, 0, 50, 34
6, 34, 43, 20, 32, 31, 1, 15
2, 24, 48, 43, 35, 32, 38, 23
7, 40, 12, 36, 1, 20, 51, 3
3, 17, 28, 16, 21, 35, 10, 20
3, 47, 33, 43, 31, 22, 3, 26
10, 0, 43, 49, 33, 14, 1, 13
6, 7, 32, 38, 3, 6, 16, 9
2, 45, 27, 30, 5, 9, 33, 11
3, 49, 39, 47, 43, 5, 13, 22
3, 17, 39, 48, 30, 26, 12, 44
5, 22, 13, 4, 43, 21, 51, 25
8, 37, 50, 12, 28, 42, 35, 30
3, 51, 23, 39, 16, 49, 19, 27
4, 16, 9, 32, 12, 43, 44, 23
8, 40, 4, 39, 15, 19, 13, 49
9, 18, 48, 40, 27, 24, 14, 37
3, 10, 41, 21, 17, 28, 11, 30
6, 33, 11, 18, 23, 15, 21, 17
3, 46, 45, 37, 49, 27, 10, 19
7, 9, 10, 12, 18, 36, 50, 33
3, 39, 44, 33, 36, 22, 0, 28
8, 7, 36, 3, 25, 21, 35, 48
9, 28, 21, 17, 51, 45, 27, 20
7, 19, 30, 0, 24, 1, 47, 45
5, 0, 23, 42, 1, 2, 39, 14
3, 32, 34, 33, 14, 4, 8, 2
3, 46, 24, 14, 42, 34, 51, 22
6, 44, 23, 20, 21, 29, 51, 17
2, 19, 3, 38, 18, 49, 37, 15
6, 23, 27, 13, 34, 39, 3, 0
6, 30, 10, 7, 12, 35, 47, 2
5, 47, 27, 20, 51, 36, 26, 24
8, 43, 0, 13, 42, 19, 6, 41
10, 8, 25, 2, 33, 45, 21, 34
4, 8, 37, 7, 26, 49, 31, 18
2, 29, 4, 23, 44, 20, 47, 48
8, 49, 50, 2, 9, 25, 29, 10
8, 30, 7, 37, 32, 3, 5, 13
7, 26, 30, 1, 40, 16, 29, 35
9, 40, 2, 33, 32, 19, 1, 15
7, 50, 41, 37, 43, 51, 3, 35
5, 22, 35, 26, 46, 20, 1, 41
3, 32, 47, 13, 18, 14, 30, 48
9, 4, 31, 5, 36, 17, 1, 22
10, 24, 31, 38, 27, 9, 40, 7
10, 8, 13, 37, 3, 25, 50, 38
9, 23, 39, 31, 16, 18, 20, 45
5, 0, 13, 46, 1, 36, 9, 27
10, 27, 2, 40, 26, 50, 11, 45
6, 40, 32, 33, 29, 50, 26, 51
3, 11, 25, 37, 4, 26, 16, 3
2, 24, 39, 36, 30, 18, 1, 11
6, 49, 44, 27, 13, 34, 35, 29
4, 29, 7, 19, 23, 18, 43, 31
10, 32, 2, 30, 20, 13, 43, 50
5, 24, 33, 1, 38, 25, 4, 34
9, 20, 49, 46, 0, 48, 40, 13
2, 16, 19, 23, 12, 1, 45, 46
7, 30, 50, 10, 17, 9, 51, 29
9, 8, 4, 37, 15, 2, 7, 13
10, 20, 4, 31, 38, 2, 0, 33
3, 29, 23, 47, 11, 20, 28, 0
7, 9, 3, 48, 23, 22, 28, 34
2, 4, 42, 20, 6, 18, 10, 51
3, 25, 36, 28, 10, 40, 15, 42
4, 26, 22, 48, 16, 12, 29, 25
9, 1, 2, 7, 10, 5, 39, 45
2, 40, 29, 39, 12, 44, 23, 13
9, 35, 32, 45, 22, 41, 29, 40
7, 2, 51, 50, 25, 15, 41, 26
4, 21, 10, 8, 47, 34, 4, 32
8, 23, 50, 32, 5, 9, 2, 25
5, 18, 23, 42, 7, 38, 1, 43
2, 12, 13, 23, 51, 33, 8, 0
7, 1, 17, 2, 12, 30, 36, 14
2, 14, 16, 10, 48, 2, 44, 36
8, 47, 33, 21, 41, 38, 2, 17
7, 44, 25, 47, 1, 32, 15, 29
9, 9, 36, 4, 45, 43, 48, 35
9, 46, 2, 9, 44, 47, 39, 43
2, 38, 35, 25, 32, 36, 31, 48
5, 4, 39, 13, 34, 26, 11, 32
9, 24, 29, 47, 15, 11, 8, 48
8, 37, 0, 39, 23, 41, 27, 7
10, 7, 33, 15, 12, 35, 45, 17
4, 14, 34, 4, 51, 16, 0, 45
2, 45, 40, 49, 2, 15, 16, 8
6, 33, 32, 46, 51, 4, 40, 25
6, 19, 44, 17, 28, 37, 24, 32
9, 28, 43, 27, 36, 39, 18, 40
8, 0, 3, 22, 48, 23, 31, 24
5, 41, 6, 2, 23, 5, 18, 43
8, 33, 38, 10, 34, 50, 31, 46
10, 23, 18, 3, 25, 20, 15, 7
2, 40, 49, 28, 37, 48, 10, 5
2, 13, 42, 46, 44, 47, 43, 50
7, 47, 22, 40, 36, 51, 26, 44
8, 12, 21, 3, 16, 8, 33, 6
10, 21, 10, 13, 25, 35, 44, 51
5, 0, 17, 33, 38, 44, 39, 9
8, 7, 44, 4, 50, 0, 38, 21
6, 11, 0, 48, 7, 36, 10, 33
2, 44, 16, 28, 3, 39, 25, 11
3, 11, 35, 7, 29, 30, 44, 48
4, 45, 42, 36, 30, 40, 6, 17
10, 16, 34, 27, 0, 37, 14, 8
2, 5, 50, 6, 32, 23, 43, 29
10, 20, 6, 32, 30, 41, 33, 8
9, 0, 44, 39, 36, 9, 41, 33
3, 33, 22, 31, 32, 37, 29, 51
9, 31, 51, 1, 29, 4, 35, 8
2, 14, 8, 20, 35, 49, 48, 16
8, 46, 1, 33, 11, 3, 32, 48
6, 17, 38, 29, 11, 26, 44, 15
7, 22, 1, 5, 42, 11, 44, 23
6, 39, 50, 21, 22, 6, 35, 20
10, 11, 18, 13, 26, 33, 30, 7
3, 27, 25, 23, 29, 15, 32, 44
8, 27, 22, 20, 13, 10, 8, 49
6, 38, 40, 42, 27, 8, 23, 17
6, 40, 19, 10, 44, 11, 25, 43
6, 22, 8, 25, 45, 27, 17, 18
4, 24, 45, 42, 44, 5, 16, 3
2, 28, 42, 14, 36, 29, 25, 26
6, 22, 2, 27, 7, 51, 32, 4
10, 29, 45, 28, 36, 37, 35, 39
8, 17, 16, 21, 13, 39, 51, 44
7, 36, 49, 44, 11, 21, 37, 30
5, 29, 37, 22, 36, 35, 13, 0
3, 47, 39, 32, 11, 42, 17, 28
10, 35, 27, 15, 36, 50, 32, 5
5, 43, 4, 41, 50, 40, 19, 29
3, 3, 47, 10, 33, 9, 31, 34
7, 1, 40, 18, 33, 4, 9, 31
4, 0, 50, 49, 32, 5, 18, 40
8, 49, 15, 47, 42, 32, 28, 45
4, 44, 12, 27, 23, 9, 30, 38
6, 15, 48, 17, 22, 30, 4, 39
2, 21, 15, 11, 14, 48, 47, 51
8, 18, 44, 50, 15, 21, 22, 43
5, 42, 29, 4, 26, 15, 5, 50
6, 22, 21, 28, 17, 32, 30, 29
3, 28, 45, 20, 34, 17, 12, 49
5, 44, 46, 23, 27, 12, 17, 8
8, 38, 4, 21, 10, 42, 41, 28
4, 48, 29, 1, 44, 0, 18, 37
5, 7, 29, 28, 23, 9, 1, 50
6, 28, 14, 10, 22, 46, 17, 21
9, 13, 29, 39, 34, 24, 22, 10
2, 4, 11, 13, 27, 50, 17, 2
6, 21, 46, 29, 14, 17, 39, 40
3, 30, 11, 2, 47, 27, 26, 3
8, 29, 44, 18, 7, 37, 14, 41
7, 33, 15, 50, 6, 34, 37, 17
5, 33, 37, 46, 35, 42, 44, 38
6, 38, 30, 32, 4, 13, 37, 47
9, 38, 13, 35, 34, 37, 39, 5
6, 38, 12, 31, 40, 45, 20, 44
8, 29, 38, 46, 17, 50, 27, 31
7, 23, 36, 17, 37, 32, 20, 26
8, 7, 23, 14, 41, 49, 20, 44
5, 19, 51, 12, 43, 3, 29, 6
10, 35, 49, 33, 2, 34, 11, 47
6, 16, 32, 31, 0, 49, 36, 45
7, 24, 49, 18, 26, 36, 45, 50
4, 20, 48, 44, 42, 30, 5, 9
7, 39, 9, 29, 40, 5, 47, 13
6, 36, 34, 15, 17, 7, 26, 4
2, 9, 15, 25, 51, 47, 38, 13
9, 16, 29, 24, 40, 8, 0, 4
8, 51, 8, 10, 38, 40, 4, 11
6, 16, 11, 48, 8, 6, 4, 2
4, 44, 38, 18, 48, 41, 43, 26
10, 7, 48, 15, 3, 12, 31, 5
5, 26, 43, 18, 40, 32, 42, 8
7, 2, 44, 35, 43, 29, 50, 5
4, 10, 7, 4, 19, 44, 46, 37
8, 25, 17, 6, 3, 5, 18, 7
2, 24, 15, 35, 2, 49, 47, 36
7, 18, 22, 12, 15, 45, 42, 50
7, 13, 21, 17, 44, 22, 2, 4
7, 3, 37, 16, 10, 30, 39, 34
3, 7, 44, 45, 46, 43, 6, 23
3, 10, 44, 19, 28, 36, 0, 50
3, 26, 22, 40, 21, 44, 2, 4
6, 3, 36, 14, 44, 8, 25, 20
6, 51, 30, 19, 26, 15, 5, 23
9, 24, 25, 16, 29, 19, 15, 9
6, 45, 18, 23, 51, 41, 44, 26
10, 49, 25, 27, 10, 9, 44, 12
3, 24, 23, 30, 34, 0, 36, 31
7, 26, 10, 40, 15, 35, 2, 1
10, 3, 29, 15, 8, 13, 9, 43
5, 6, 35, 13, 15, 42, 25, 39
6, 30, 43, 3, 33, 21, 18, 49
9, 43, 23, 50, 13, 20, 45, 1
7, 12, 40, 38, 14, 9, 0, 3
3, 5, 7, 11, 40, 37, 50, 30
10, 17, 42, 16, 35, 25, 26, 9
4, 5, 10, 15, 39, 14, 24, 50
3, 20, 25, 27, 1, 8, 12, 21
3, 23, 22, 16, 34, 28, 24, 14
10, 38, 40, 1, 19, 23, 9, 25
4, 35, 34, 51, 44, 29, 47, 26
8, 7, 4, 0, 24, 39, 46, 47
6, 16, 27, 44, 37, 28, 5, 15
3, 41, 18, 28, 32, 51, 3, 43
8, 36, 42, 4, 22, 10, 49, 19
5, 20, 22, 16, 38, 27, 49, 35
10, 33, 27, 51, 14, 11, 26, 44
2, 16, 18, 12, 11, 37, 21, 38
6, 45, 51, 12, 27, 18, 21, 33
4, 1, 22, 28, 11, 23, 45, 47
2, 21, 12, 51, 16, 7, 42, 9
5, 5, 50, 35, 41, 38, 22, 2
4, 0, 5, 32, 51, 47, 11, 40
3, 17, 34, 30, 22, 5, 44, 49
5, 0, 37, 28, 38, 31, 39, 40
2, 25, 7, 47, 0, 21, 10, 14
9, 21, 23, 8, 12, 46, 5, 18
5, 35, 7, 16, 14, 17, 11, 41
2, 32, 20, 29, 23, 19, 39, 49
9, 20, 10, 0, 41, 37, 16, 29
8, 33, 49, 13, 5, 19, 28, 39
3, 34, 41, 35, 33, 6, 15, 36
6, 7, 31, 36, 18, 47, 48, 3
3, 40, 33, 0, 17, 10, 43, 12
10, 14, 34, 10, 51, 43, 28, 16
3, 9, 12, 0, 38, 18, 13, 42
10, 45, 50, 49, 35, 28, 31, 13
9, 8, 35, 40, 29, 4, 12, 43
4, 23, 30, 50, 40, 6, 3, 34
7, 16, 29, 8, 5, 15, 38, 3
7, 44, 47, 49, 36, 23, 43, 46
9, 3, 12, 18, 29, 40, 50, 51
5, 8, 29, 22, 39, 12, 33, 27
9, 29, 47, 10, 8, 14, 16, 42
3, 24, 0, 30, 40, 14, 18, 10
3, 19, 7, 18, 26, 47, 6, 46
6, 46, 47, 17, 50, 11, 23, 6
8, 48, 34, 40, 35, 10, 4, 17
9, 0, 47, 28, 20, 39, 32, 3
8, 15, 47, 42, 49, 29, 48, 7
10, 27, 35, 37, 26, 17, 47, 21
5, 13, 5, 50, 10, 43, 7, 25
5, 44, 5, 25, 15, 30, 48, 38
6, 44, 19, 14, 1, 51, 26, 11
8, 35, 12, 34, 47, 36, 9, 43
2, 29, 9, 34, 14, 22, 32, 41
10, 6, 51, 33, 10, 20, 37, 31
10, 3, 24, 27, 15, 29, 23, 16
5, 43, 50, 1, 28, 14, 32, 40
6, 0, 18, 17, 51, 36, 12, 41
3, 24, 4, 41, 20, 1, 34, 23
6, 9, 26, 49, 5, 3, 13, 7
10, 11, 31, 15, 1, 8, 46, 23
5, 7, 34, 35, 27, 12, 25, 29
10, 51, 4, 32, 25, 13, 36, 10
3, 36, 15, 30, 23, 41, 26, 29
9, 47, 49, 33, 28, 3, 42, 6
8, 49, 36, 37, 12, 5, 0, 6
2, 32, 25, 24, 42, 45, 7, 18
6, 5, 16, 17, 18, 13, 7, 45
8, 50, 22, 40, 36, 43, 4, 18
4, 47, 16, 10, 18, 23, 29, 32
2, 27, 44, 37, 19, 20, 13, 30
9, 51, 1, 12, 11, 35, 28, 26
4, 6, 18, 47, 51, 7, 44, 29
5, 9, 20, 25, 50, 35, 43, 7
7, 48, 33, 28, 27, 11, 23, 42
9, 39, 37, 23, 46, 43, 5, 35
10, 3, 46, 34, 20, 4, 40, 35
2, 27, 8, 41, 1, 14, 28, 43
8, 16, 22, 32, 29, 31, 8, 42
3, 38, 30, 50, 45, 47, 0, 7
5, 14, 28, 48, 26, 35, 43, 4
4, 11, 15, 29, 13, 9, 25, 19
3, 50, 40, 1, 20, 31, 25, 21
3, 20, 21, 33, 12, 10, 11, 44
3, 40, 17, 16, 37, 2, 9, 36
4, 8, 41, 36, 28, 31, 34, 23
4, 10, 35, 0, 44, 12, 6, 3
9, 32, 34, 21, 33, 25, 40, 3
5, 32, 13, 39, 2, 37, 34, 19
9, 24, 49, 6, 5, 46, 17, 0
7, 28, 29, 15, 0, 36, 38, 25
3, 47, 40, 20, 10, 43, 22, 1
7, 24, 35, 37, 7, 42, 43, 14
6, 50, 4, 45, 51, 30, 42, 49
5, 19, 34, 7, 40, 16, 28, 37
7, 42, 37, 24, 51, 3, 2, 14
8, 36, 51, 20, 32, 43, 33, 25
6, 42, 44, 41, 5, 3, 20, 24
9, 44, 3, 28, 2, 15, 30, 19
10, 42, 29, 37, 43, 48, 27, 21
3, 1, 35, 46, 6, 22, 0, 34
9, 47, 3, 7, 11, 37, 17, 34
6, 34, 37, 40, 6, 21, 22, 16
9, 19, 25, 17, 14, 48, 41, 23
6, 31, 36, 16, 10, 40, 23, 26
5, 10, 4, 0, 24, 39, 12, 44
8, 41, 3, 47, 51, 20, 4, 33
8, 8, 42, 26, 43, 3, 15, 25
3, 49, 0, 11, 18, 35, 1, 23
8, 31, 43, 32, 34, 45, 10, 9
3, 26, 13, 33, 8, 31, 22, 44
6, 15, 30, 17, 49, 46, 40, 50
6, 1, 30, 28, 48, 20, 35, 5
3, 40, 19, 0, 21, 39, 47, 41
2, 40, 19, 5, 43, 48, 28, 7
8, 14, 3, 0, 20, 24, 4, 23
9, 51, 7, 42, 39, 18, 0, 9
5, 47, 44, 22, 4, 8, 42, 50
2, 37, 45, 12, 25, 44, 29, 46
4, 37, 7, 16, 50, 17, 48, 3
9, 6, 19, 45, 30, 11, 12, 43
5, 27, 19, 51, 25, 14, 43, 6
3, 5, 36, 35, 46, 19, 34, 48
10, 17, 9, 22, 6, 29, 51, 35
8, 26, 45, 47, 22, 38, 11, 1
9, 40, 9, 27, 4, 6, 50, 10
2, 23, 2, 44, 16, 38, 6, 37
10, 27, 12, 38, 5, 6, 23, 48
3, 24, 23, 33, 42, 15, 46, 34
10, 37, 36, 46, 13, 30, 32, 19
2, 20, 15, 27, 43, 33, 5, 12
8, 16, 18, 4, 13, 23, 46, 50
2, 19, 8, 45, 31, 1, 44, 35
3, 40, 8, 25, 51, 7, 15, 3
10, 25, 17, 39, 14, 18, 32, 36
8, 48, 8, 9, 11, 17, 12, 39
5, 27, 32, 21, 33, 9, 49, 14
4, 30, 18, 33, 5, 22, 36, 4
10, 25, 9, 0, 7, 41, 44, 45
4, 22, 20, 1, 37, 31, 49, 43
3, 40, 34, 31, 20, 37, 25, 45
7, 16, 19, 10, 45, 12, 22, 23
6, 22, 8, 44, 45, 11, 17, 18
8, 5, 12, 28, 15, 9, 17, 19
5, 26, 45, 42, 18, 49, 19, 43
6, 30, 51, 23, 38, 34, 24, 3
10, 15, 44, 4, 34, 3, 24, 9
9, 37, 50, 6, 48, 25, 32, 10
7, 46, 38, 4, 9, 33, 32, 20
3, 0, 33, 27, 18, 4, 35, 45
10, 23, 43, 50, 7, 28, 39, 20
4, 28, 25, 27, 23, 17, 31, 19
2, 22, 24, 20, 25, 34, 14, 4
7, 0, 20, 2, 25, 32, 29, 13
5, 10, 15, 25, 2, 44, 21, 28
2, 32, 10, 44, 8, 33, 51, 5
2, 22, 42, 10, 23, 29, 33, 41
5, 3, 8, 9, 5, 15, 37, 4
2, 11, 19, 9, 42, 0, 37, 43
7, 47, 32, 23, 35, 39, 6, 44
5, 20, 14, 11, 47, 46, 21, 51
7, 47, 10, 22, 40, 45, 34, 41
2, 16, 1, 43, 38, 31, 17, 36
8, 24, 31, 1, 17, 0, 48, 27
5, 36, 29, 26, 39, 38, 35, 44
4, 45, 5, 43, 18, 34, 15, 2
8, 43, 14, 41, 49, 21, 28, 16
3, 49, 14, 19, 31, 44, 32, 11
4, 0, 5, 29, 38, 3, 39, 35
3, 14, 51, 31, 41, 27, 28, 2
9, 38, 44, 19, 33, 18, 46, 42
5, 37, 22, 0, 26, 44, 50, 42
3, 7, 9, 18, 22, 10, 4, 6
5, 38, 8, 34, 30, 24, 5, 11
7, 48, 5, 12, 10, 19, 51, 13
9, 9, 0, 30, 35, 11, 13, 38
10, 10, 32, 8, 1, 48, 51, 6
7, 43, 12, 32, 10, 17, 45, 1
3, 24, 7, 41, 51, 48, 23, 26
7, 20, 45, 14, 11, 4, 44, 51
10, 14, 5, 19, 29, 48, 9, 4
9, 2, 21, 44, 11, 4, 37, 7
3, 39, 3, 4, 8, 5, 12, 22
2, 21, 36, 50, 3, 32, 14, 18
4, 31, 50, 1, 38, 22, 4, 5
4, 49, 0, 44, 11, 40, 28, 5
6, 35, 33, 8, 0, 21, 31, 23
2, 20, 19, 2, 38, 23, 18, 4
5, 30, 23, 12, 17, 40, 32, 43
3, 34, 49, 19, 22, 20, 39, 38
9, 45, 22, 47, 8, 33, 25, 19
4, 48, 18, 45, 15, 22, 7, 9
6, 8, 21, 18, 38, 24, 5, 50
7, 22, 51, 9, 46, 14, 27, 4
2, 51, 32, 14, 2, 49, 18, 41
9, 9, 45, 18, 48, 6, 49, 36
2, 44, 6, 9, 29, 5, 31, 42
9, 31, 2, 44, 36, 9, 38, 12
5, 35, 46, 2, 4, 10, 15, 13
8, 50, 12, 28, 24, 21, 39, 6
10, 29, 37, 18, 10, 36, 0, 25
5, 25, 2, 4, 48, 24, 18, 3
5, 10, 25, 50, 5, 31, 14, 40
7, 35, 29, 22, 37, 25, 5, 49
7, 30, 48, 11, 33, 31, 42, 15
8, 29, 18, 30, 44, 6, 46, 45
7, 24, 11, 42, 21, 32, 38, 6
9, 15, 41, 27, 45, 12, 29, 24
9, 38, 23, 32, 39, 34, 10, 20
3, 48, 47, 22, 50, 12, 34, 35
10, 46, 11, 13, 18, 23, 26, 49
3, 8, 28, 46, 43, 49, 9, 38
5, 28, 2, 40, 49, 26, 22, 14
10, 26, 46, 10, 49, 51, 47, 21
10, 19, 33, 2, 5, 43, 11, 31
9, 29, 33, 34, 37, 32, 46, 18
3, 3, 24, 47, 1, 35, 26, 14
4, 38, 32, 18, 36, 44, 10, 41
10, 7, 50, 10, 19, 11, 44, 21
7, 46, 18, 7, 38, 30, 8, 14
8, 40, 20, 19, 26, 34, 37, 42
6, 40, 46, 13, 26, 17, 35, 23
6, 35, 6, 45, 21, 29, 16, 51
8, 48, 40, 10, 51, 12, 20, 26
4, 3, 51, 5, 35, 50, 15, 12
6, 7, 46, 5, 20, 6, 40, 16
5, 43, 29, 13, 26, 30, 37, 41
9, 45, 37, 38, 2, 46, 9, 50
3, 11, 28, 5, 30, 36, 1, 48
4, 3, 0, 25, 19, 2, 7, 5
2, 40, 7, 21, 26, 9, 36, 3
7, 21, 34, 3, 5, 18, 39, 16
4, 28, 18, 25, 10, 48, 38, 44
6, 47, 43, 17, 39, 29, 3, 8
9, 18, 45, 31, 21, 2, 12, 11
8, 42, 16, 6, 33, 15, 5, 7
6, 48, 20, 3, 1, 23, 4, 46
9, 38, 28, 12, 6, 30, 22, 32
3, 24, 30, 46, 13, 14, 22, 42
7, 38, 2, 35, 21, 39, 50, 15
4, 44, 28, 2, 30, 48, 46, 37
10, 16, 11, 18, 42, 45, 24, 17
8, 1, 32, 3, 25, 15, 18, 12
8, 22, 2, 32, 37, 43, 19, 50
10, 29, 39, 15, 43, 5, 4, 19
8, 2, 51, 19, 11, 31, 7, 12
10, 27, 51, 38, 34, 36, 22, 35
6, 44, 6, 37, 35, 36, 19, 32
2, 50, 39, 22, 24, 28, 47, 8
9, 20, 31, 4, 23, 1, 41, 19
6, 21, 20, 49, 43, 45, 31, 40
3, 32, 10, 45, 16, 34, 6, 30
4, 10, 33, 18, 7, 8, 15, 32
5, 51, 27, 49, 38, 41, 13, 43
8, 19, 21, 48, 6, 20, 27, 51
2, 17, 32, 20, 51, 2, 28, 27
6, 22, 21, 25, 31, 34, 1, 26
10, 27, 10, 13, 38, 36, 0, 1
3, 23, 19, 44, 3, 18, 13, 17
4, 6, 32, 24, 31, 5, 27, 47
3, 15, 30, 32, 19, 3, 22, 18
4, 16, 36, 12, 29, 33, 40, 49
4, 0, 17, 27, 16, 37, 39, 32
2, 20, 12, 19, 11, 40, 50, 22
10, 48, 23, 8, 16, 11, 1, 37
7, 2, 15, 32, 8, 49, 45, 43
5, 6, 25, 46, 37, 29, 1, 51
5, 12, 25, 1, 17, 11, 36, 14
2, 19, 25, 16, 24, 5, 29, 32
10, 37, 27, 51, 25, 14, 31, 17
4, 10, 49, 32, 51, 3, 18, 4
4, 25, 36, 8, 19, 14, 49, 13
8, 23, 37, 19, 0, 25, 4, 5
7, 50, 6, 49, 21, 44, 13, 9
10, 9, 18, 13, 19, 0, 51, 12
4, 44, 5, 51, 2, 32, 29, 23
4, 20, 7, 12, 33, 51, 6, 38
3, 47, 9, 45, 14, 37, 31, 39
8, 40, 45, 1, 14, 27, 31, 47
5, 45, 50, 10, 4, 26, 19, 11
7, 0, 10, 15, 40, 43, 1, 44
9, 45, 19, 24, 39, 51, 23, 28
4, 11, 16, 22, 38, 1, 28, 42
7, 15, 28, 45, 12, 5, 33, 9
7, 33, 7, 38, 46, 42, 9, 21
5, 3, 1, 23, 12, 4, 21, 47
4, 21, 43, 44, 13, 17, 39, 24
4, 20, 26, 27, 15, 11, 37, 44
2, 6, 4, 51, 26, 36, 34, 10
8, 16, 18, 5, 9, 1, 14, 12
3, 26, 28, 25, 4, 24, 49, 43
9, 48, 3, 18, 10, 9, 32, 31
8, 1, 2, 16, 38, 23, 4, 29
2, 15, 11, 41, 14, 0, 25, 44
5, 39, 18, 10, 29, 17, 48, 43
3, 15, 41, 17, 12, 39, 18, 4
7, 24, 9, 11, 16, 46, 27, 36
8, 51, 30, 27, 38, 46, 2, 9
5, 25, 3, 22, 32, 13, 46, 7
3, 43, 39, 9, 20, 23, 18, 35
9, 9, 1, 27, 32, 22, 34, 14
4, 10, 22, 23, 32, 37, 0, 44
6, 31, 16, 17, 5, 41, 38, 36
8, 17, 26, 16, 50, 44, 0, 49
10, 30, 40, 2, 33, 9, 0, 27
8, 45, 28, 35, 32, 27, 19, 16
9, 24, 42, 48, 46, 6, 2, 26
6, 44, 45, 14, 33, 24, 7, 50
3, 39, 16, 7, 8, 25, 30, 44
2, 20, 2, 15, 7, 42, 25, 9
5, 9, 50, 30, 1, 16, 7, 21
4, 41, 25, 26, 17, 5, 28, 27
3, 40, 50, 18, 41, 22, 1, 12
7, 6, 41, 36, 31, 42, 15, 40
8, 21, 4, 23, 6, 8, 48, 11
8, 33, 8, 50, 24, 20, 46, 21
9, 10, 22, 20, 34, 48, 5, 9
9, 11, 3, 9, 40, 28, 44, 8
9, 9, 43, 41, 5, 42, 50, 11
9, 45, 49, 4, 6, 31, 5, 48
8, 21, 1, 37, 6, 17, 3, 38
2, 7, 26, 13, 46, 10, 0, 25
5, 31, 29, 1, 51, 24, 33, 21
4, 17, 31, 49, 12, 0, 48, 36
9, 10, 0, 25, 45, 2, 22, 14
10, 20, 25, 4, 35, 3, 17, 27
2, 32, 51, 0, 21, 23, 38, 30
10, 38, 9, 2, 1, 21, 10, 35
9, 37, 6, 25, 39, 49, 0, 26
2, 23, 50, 7, 18, 9, 34, 48
8, 4, 12, 26, 24, 16, 37, 43
5, 20, 40, 18, 27, 1, 24, 23
3, 5, 6, 49, 13, 21, 47, 34
6, 35, 51, 12, 15, 14, 48, 37
5, 28, 33, 36, 23, 42, 5, 16
6, 51, 11, 12, 6, 28, 3, 41
6, 48, 26, 18, 49, 37, 33, 16
10, 35, 43, 34, 41, 45, 3, 47
6, 4, 1, 20, 32, 46, 3, 6
10, 2, 7, 48, 44, 1, 49, 36
6, 17, 10, 6, 36, 12, 24, 3
7, 39, 38, 9, 35, 25, 14, 49
7, 13, 8, 30, 34, 46, 12, 45
4, 48, 24, 33, 6, 28, 42, 4
6, 9, 4, 11, 29, 35, 44, 18
3, 28, 0, 49, 24, 40, 20, 21
6, 43, 38, 35, 51, 18, 26, 31
4, 2, 47, 51, 21, 19, 5, 30
9, 27, 2, 9, 21, 6, 10, 22
4, 36, 7, 23, 8, 5, 50, 16
5, 40, 25, 46, 21, 3, 32, 15
3, 3, 27, 16, 23, 45, 14, 9
2, 33, 45, 14, 23, 5, 26, 7
3, 23, 25, 47, 14, 30, 48, 1
3, 28, 11, 0, 34, 15, 45, 46
9, 46, 16, 34, 22, 30, 13, 39
3, 4, 27, 25, 21, 6, 9, 47
6, 36, 39, 44, 27, 30, 5, 50
6, 34, 30, 9, 8, 18, 21, 32
4, 5, 41, 15, 50, 18, 48, 44
10, 15, 37, 43, 48, 9, 32, 38
3, 41, 23, 33, 25, 10, 8, 49
4, 11, 51, 23, 16, 43, 48, 21
10, 4, 27, 37, 21, 7, 3, 41
8, 29, 48, 7, 40, 0, 15, 24
3, 31, 14, 44, 1, 6, 35, 13
3, 2, 13, 45, 25, 10, 7, 0
4, 10, 27, 17, 11, 3, 7, 20
3, 18, 16, 31, 36, 8, 32, 50
7, 46, 23, 50, 35, 30, 7, 44
9, 43, 5, 50, 17, 36, 48, 46
8, 2, 39, 37, 16, 38, 49, 40
8, 40, 7, 16, 51, 12, 35, 14
6, 3, 14, 31, 27, 15, 46, 30
6, 35, 1, 34, 31, 4, 15, 6
9, 12, 47, 20, 29, 40, 39, 5
8, 17, 1, 25, 35, 24, 49, 13
3, 21, 45, 11, 12, 24, 26, 36
8, 28, 25, 29, 45, 4, 13, 18
3, 50, 28, 10, 41, 43, 23, 22
10, 38, 5, 47, 50, 32, 11, 0
6, 40, 38, 35, 4, 3, 15, 47
3, 48, 7, 17, 23, 49, 12, 37
5, 25, 26, 31, 27, 3, 38, 11
5, 3, 22, 13, 51, 2, 4, 25
6, 32, 30, 20, 34, 18, 24, 23
10, 42, 11, 7, 27, 37, 30, 48
6, 40, 35, 48, 27, 51, 43, 20
4, 7, 51, 13, 8, 18, 20, 34
7, 20, 29, 0, 40, 13, 39, 21
10, 47, 24, 30, 8, 1, 9, 41
8, 13, 18, 21, 28, 51, 2, 1
4, 24, 42, 35, 26, 20, 45, 31
9, 20, 27, 10, 2, 12, 9, 4
6, 33, 32, 30, 45, 4, 11, 43
2, 8, 34, 24, 2, 33, 41, 35
6, 49, 13, 1, 46, 16, 45, 31
6, 51, 42, 33, 4, 0, 1, 25
5, 5, 4, 40, 11, 20, 29, 35
8, 8, 31, 46, 25, 35, 24, 49
4, 20, 41, 22, 40, 4, 39, 24
8, 9, 23, 42, 18, 40, 28, 46
8, 6, 34, 28, 27, 39, 44, 15
9, 47, 12, 9, 44, 34, 11, 40
3, 38, 23, 22, 9, 47, 49, 15
2, 1, 19, 17, 51, 46, 9, 20
4, 32, 7, 51, 25, 13, 36, 1
10, 47, 31, 13, 30, 3, 27, 38
10, 24, 10, 19, 26, 46, 13, 40
5, 46, 49, 15, 27, 21, 28, 43
9, 38, 46, 0, 5, 51, 42, 30
9, 43, 39, 21, 31, 14, 15, 9
10, 14, 46, 36, 29, 15, 1, 18
6, 44, 48, 25, 19, 11, 14, 7
7, 30, 36, 19, 5, 43, 11, 24
3, 21, 43, 24, 44, 6, 14, 31
3, 31, 33, 18, 10, 47, 28, 44
2, 3, 17, 4, 35, 2, 29, 24
2, 26, 46, 7, 42, 15, 49, 37
6, 45, 13, 0, 30, 29, 49, 43
2, 0, 51, 1, 20, 10, 19, 2
8, 32, 10, 48, 42, 11, 35, 21
4, 9, 27, 4, 33, 14, 2, 13
4, 23, 4, 5, 0, 37, 43, 22
8, 0, 38, 15, 8, 35, 22, 24
4, 18, 0, 50, 29, 35, 31, 38
8, 21, 26, 9, 43, 28, 20, 39
4, 50, 25, 7, 9, 38, 30, 49
5, 36, 51, 7, 15, 32, 4, 40
6, 46, 35, 29, 21, 16, 27, 6
10, 22, 17, 28, 50, 1, 23, 49
8, 7, 11, 0, 30, 17, 20, 39
7, 14, 42, 47, 46, 40, 22, 3
7, 21, 48, 27, 24, 14, 25, 50
3, 3, 36, 49, 5, 4, 28, 31
9, 30, 8, 28, 18, 37, 44, 42
10, 47, 17, 21, 8, 3, 12, 36
4, 50, 11, 42, 13, 4, 25, 1
8, 17, 38, 42, 51, 41, 10, 36
3, 10, 48, 37, 9, 42, 32, 13
6, 23, 42, 24, 19, 41, 45, 39
10, 26, 5, 47, 27, 44, 1, 23
4, 10, 12, 3, 21, 38, 31, 20
3, 42, 20, 9, 36, 10, 50, 22
8, 32, 19, 36, 42, 26, 22, 16
8, 29, 24, 18, 39, 46, 12, 42
7, 43, 4, 11, 3, 35, 28, 27
10, 17, 3, 9, 44, 7, 11, 5
6, 16, 21, 41, 4, 34, 26, 13
10, 51, 34, 44, 41, 33, 10, 27
8, 13, 18, 49, 29, 43, 44, 28
5, 33, 3, 35, 22, 21, 34, 14
10, 41, 21, 24, 40, 16, 33, 12
9, 4, 47, 16, 46, 30, 51, 13
6, 3, 20, 32, 18, 7, 0, 45
10, 4, 2, 26, 23, 41, 30, 51
8, 47, 7, 41, 40, 6, 0, 33
9, 8, 44, 2, 5, 50, 24, 22
3, 35, 41, 9, 49, 51, 33, 32
7, 43, 33, 7, 23, 42, 44, 24
8, 35, 19, 15, 28, 30, 4, 45
8, 42, 30, 23, 20, 46, 9, 21
2, 12, 0, 1, 49, 48, 15, 27
6, 44, 36, 27, 40, 45, 13, 22
9, 37, 35, 42, 48, 39, 43, 31
2, 12, 16, 30, 5, 19, 4, 36
9, 35, 7, 32, 19, 33, 51, 6
3, 35, 50, 41, 46, 5, 2, 44
7, 51, 43, 2, 37, 30, 45, 40
7, 22, 16, 45, 5, 17, 8, 29
3, 20, 36, 29, 4, 26, 46, 5
10, 12, 32, 44, 30, 41, 45, 21
6, 26, 48, 32, 34, 21, 38, 28
10, 29, 2, 21, 20, 51, 44, 10
9, 36, 3, 19, 22, 5, 27, 46
2, 9, 7, 3, 36, 18, 10, 0
4, 22, 35, 45, 17, 38, 30, 46
5, 34, 25, 26, 49, 45, 20, 44
7, 22, 34, 8, 10, 45, 17, 44
10, 26, 45, 9, 10, 31, 11, 13
8, 45, 18, 2, 47, 26, 42, 0
3, 39, 28, 34, 4, 18, 30, 6
2, 26, 22, 17, 30, 1, 38, 5
7, 49, 46, 26, 18, 36, 14, 39
7, 19, 14, 37, 40, 28, 39, 44
9, 34, 42, 11, 46, 20, 50, 4
2, 25, 30, 6, 47, 49, 14, 36
9, 15, 30, 42, 22, 13, 41, 38
10, 18, 19, 9, 16, 44, 17, 23
6, 17, 31, 50, 29, 5, 35, 45
6, 26, 10, 24, 23, 44, 25, 22
4, 5, 35, 24, 8, 46, 4, 1
3, 19, 49, 14, 41, 20, 0, 18
7, 15, 38, 29, 35, 43, 42, 27
3, 31, 26, 44, 27, 51, 8, 20
2, 11, 9, 14, 42, 16, 18, 3
7, 29, 25, 42, 17, 1, 16, 41
5, 38, 35, 31, 15, 43, 17, 46
2, 48, 45, 4, 50, 6, 2, 24
4, 38, 26, 39, 27, 45, 4, 10
4, 3, 45, 25, 39, 8, 2, 23
8, 9, 5, 17, 41, 50, 33, 20
4, 51, 43, 46, 3, 38, 50, 26
4, 8, 17, 15, 23, 3, 22, 9
5, 22, 31, 44, 45, 23, 51, 30
3, 27, 11, 38, 26, 9, 22, 39
5, 47, 9, 0, 8, 45, 6, 19
10, 48, 27, 17, 12, 36, 29, 20
7, 28, 6, 26, 20, 7, 29, 21
9, 43, 21, 33, 49, 23, 1, 17
4, 35, 34, 49, 8, 16, 15, 36
9, 20, 23, 18, 49, 0, 50, 9
6, 32, 1, 18, 28, 44, 23, 8
2, 32, 45, 48, 1, 12, 18, 27
9, 42, 44, 22, 23, 45, 9, 3
7, 38, 10, 43, 18, 46, 50, 20
8, 1, 23, 22, 17, 27, 11, 37
4, 13, 43, 9, 23, 5, 14, 8
5, 32, 40, 11, 2, 4, 22, 23
8, 16, 3, 51, 6, 30, 23, 8
7, 39, 4, 50, 49, 29, 36, 22
10, 33, 1, 44, 4, 7, 8, 15
7, 37, 1, 4, 24, 42, 25, 41
4, 22, 5, 26, 40, 19, 42, 15
8, 45, 37, 13, 26, 6, 7, 29
9, 1, 4, 29, 23, 31, 37, 0
2, 20, 9, 23, 32, 12, 48, 16
3, 50, 34, 51, 43, 6, 4, 45
3, 5, 38, 50, 47, 8, 17, 14
3, 33, 22, 3, 8, 37, 24, 0
3, 27, 1, 45, 4, 44, 12, 18
4, 6, 19, 35, 45, 27, 2, 44
10, 26, 35, 5, 17, 1, 46, 37
5, 38, 14, 32, 49, 45, 23, 4
3, 36, 49, 10, 2, 11, 40, 30
7, 25, 42, 22, 20, 29, 0, 30
8, 11, 23, 37, 32, 33, 28, 48
6, 35, 20, 10, 45, 48, 40, 39
8, 9, 33, 38, 51, 37, 15, 23
8, 40, 38, 31, 49, 21, 41, 2
5, 28, 6, 18, 19, 27, 31, 7
4, 48, 12, 47, 25, 45, 42, 28
2, 28, 22, 38, 45, 29, 8, 36
3, 7, 36, 45, 12, 17, 50, 35
5, 44, 11, 37, 32, 36, 2, 24
2, 46, 43, 35, 4, 5, 9, 31
5, 23, 28, 37, 10, 14, 20, 51
3, 18, 35, 31, 32, 24, 20, 19
3, 42, 48, 12, 43, 17, 28, 14
2, 3, 1, 17, 5, 14, 31, 15
9, 27, 47, 36, 11, 8, 32, 19
10, 51, 1, 36, 11, 27, 32, 4
6, 40, 19, 4, 27, 41, 6, 42
10, 40, 8, 45, 21, 16, 27, 44
9, 23, 30, 19, 49, 20, 12, 22
6, 20, 34, 35, 12, 41, 48, 37
4, 10, 4, 28, 6, 33, 21, 9
5, 26, 47, 40, 44, 48, 30, 13
4, 27, 49, 26, 44, 6, 15, 46
3, 51, 13, 15, 30, 9, 29, 50
7, 23, 40, 45, 50, 47, 7, 27
5, 15, 12, 50, 6, 13, 14, 27
9, 24, 35, 25, 29, 3, 26, 5
4, 30, 32, 42, 34, 20, 31, 46
6, 11, 37, 38, 19, 31, 48, 27
8, 40, 20, 28, 1, 10, 45, 46
8, 2, 6, 18, 49, 43, 16, 5
5, 13, 11, 42, 4, 23, 36, 22
9, 46, 38, 50, 6, 19, 21, 51
5, 51, 28, 9, 47, 30, 0, 31
3, 44, 48, 24, 27, 40, 45, 41
10, 38, 31, 39, 9, 5, 17, 42
3, 39, 13, 47, 23, 31, 9, 38
5, 2, 38, 22, 49, 35, 20, 42
8, 2, 32, 40, 30, 29, 16, 33
3, 0, 50, 39, 29, 4, 49, 45
6, 19, 44, 14, 12, 24, 41, 18
4, 0, 10, 47, 36, 24, 42, 49
10, 46, 18, 4, 27, 1, 25, 9
4, 2, 13, 50, 34, 27, 25, 21
9, 9, 46, 39, 21, 43, 2, 31
3, 6, 47, 42, 17, 18, 33, 22
3, 36, 32, 47, 16, 33, 21, 45
4, 35, 29, 19, 50, 7, 43, 24
6, 38, 9, 30, 48, 31, 6, 19
3, 28, 17, 11, 40, 3, 8, 51
5, 5, 19, 10, 8, 23, 47, 32
5, 40, 24, 25, 10, 43, 27, 17
4, 10, 14, 20, 19, 42, 9, 51
7, 44, 21, 10, 15, 28, 18, 51
3, 19, 18, 9, 38, 27, 12, 16
7, 41, 2, 15, 16, 49, 23, 22
10, 12, 2, 24, 39, 50, 49, 26
2, 38, 42, 50, 35, 9, 13, 44
9, 4, 49, 29, 38, 1, 25, 50
6, 7, 8, 45, 51, 50, 31, 6
9, 18, 28, 0, 21, 6, 39, 3
5, 49, 41, 42, 3, 30, 14, 24
8, 39, 8, 34, 14, 44, 11, 29
3, 21, 37, 10, 43, 29, 31, 1
3, 5, 44, 45, 20, 24, 12, 43
3, 22, 23, 39, 46, 21, 1, 14
5, 41, 40, 37, 6, 15, 32, 25
7, 15, 39, 13, 21, 30, 32, 3
6, 31, 22, 4, 17, 19, 50, 1
10, 3, 2, 0, 23, 41, 14, 24
6, 40, 3, 12, 13, 44, 32, 21
2, 5, 40, 14, 8, 50, 25, 37
3, 37, 47, 10, 4, 13, 40, 8
4, 26, 19, 49, 24, 5, 16, 41
5, 31, 4, 22, 16, 15, 33, 29
9, 3, 35, 37, 19, 6, 42, 17
5, 51, 37, 1, 44, 10, 15, 8
4, 42, 16, 15, 36, 19, 46, 45
7, 49, 7, 20, 41, 33, 47, 36
8, 26, 9, 31, 35, 36, 15, 3
9, 4, 35, 44, 23, 17, 21, 2
2, 36, 15, 44, 21, 1, 11, 28
6, 7, 24, 44, 18, 22, 12, 15
3, 1, 40, 37, 15, 48, 11, 27
9, 20, 11, 5, 36, 29, 27, 22
10, 2, 47, 28, 46, 16, 39, 41
3, 50, 38, 17, 45, 22, 43, 28
7, 33, 51, 37, 14, 10, 18, 46
5, 13, 3, 8, 14, 6, 31, 43
4, 49, 47, 17, 44, 7, 5, 26
8, 29, 2, 37, 23, 3, 20, 28
2, 44, 35, 16, 10, 4, 0, 49
8, 18, 38, 7, 27, 32, 17, 25
4, 29, 13, 25, 15, 9, 46, 51
9, 28, 36, 37, 50, 10, 13, 48
9, 49, 4, 32, 34, 5, 13, 36
3, 15, 19, 21, 5, 51, 23, 33
6, 17, 0, 33, 14, 7, 11, 21
5, 24, 49, 45, 43, 2, 29, 12
9, 43, 20, 17, 30, 48, 21, 50
7, 13, 44, 31, 36, 26, 11, 6
3, 18, 41, 42, 19, 12, 51, 44
7, 25, 47, 16, 26, 40, 34, 8
4, 13, 25, 41, 32, 3, 17, 37
9, 51, 1, 43, 10, 34, 0, 14
9, 3, 14, 49, 8, 1, 38, 16
9, 14, 28, 2, 12, 50, 10, 43
2, 1, 4, 32, 38, 17, 24, 3
8, 25, 10, 14, 37, 40, 8, 32
3, 37, 17, 21, 4, 9, 19, 47
2, 25, 41, 11, 30, 34, 14, 35
3, 11, 27, 13, 0, 36, 14, 42
6, 34, 15, 44, 40, 14, 17, 6
2, 8, 18, 37, 11, 33, 45, 1
3, 14, 30, 25, 40, 13, 36, 22
4, 41, 19, 31, 18, 50, 23, 5
6, 22, 18, 0, 17, 5, 26, 50
7, 50, 19, 38, 9, 34, 0, 29
9, 45, 51, 50, 8, 19, 48, 42
4, 14, 48, 47, 39, 8, 9, 36
8, 8, 51, 13, 27, 25, 0, 50
9, 38, 7, 0, 51, 27, 21, 28
2, 20, 6, 29, 41, 51, 23, 49
7, 16, 5, 7, 37, 0, 35, 27
5, 45, 51, 50, 9, 3, 7, 42
3, 42, 9, 15, 16, 39, 8, 27
2, 12, 14, 6, 50, 33, 9, 16
9, 20, 18, 2, 3, 13, 51, 39
3, 17, 3, 27, 34, 50, 16, 35
10, 42, 5, 9, 24, 23, 3, 39
4, 7, 23, 46, 12, 42, 34, 41
8, 23, 48, 21, 44, 10, 45, 20
2, 47, 30, 17, 2, 12, 4, 38
3, 35, 23, 19, 45, 3, 31, 21
6, 34, 48, 38, 9, 25, 2, 16
7, 38, 39, 21, 34, 17, 40, 0
6, 15, 28, 26, 25, 5, 10, 27
3, 31, 48, 50, 30, 26, 21, 41
8, 10, 14, 48, 13, 24, 45, 37
3, 19, 43, 38, 34, 50, 6, 16
10, 5, 20, 4, 47, 0, 18, 12
5, 31, 39, 28, 49, 14, 10, 22
10, 34, 31, 46, 37, 48, 24, 19
8, 47, 2, 7, 49, 33, 1, 24
9, 39, 11, 10, 26, 33, 14, 25
2, 14, 16, 18, 51, 41, 4, 19
3, 11, 13, 16, 18, 7, 30, 12
7, 5, 43, 27, 29, 46, 37, 11
10, 34, 19, 16, 39, 18, 45, 30
6, 46, 13, 2, 17, 6, 19, 0
5, 23, 17, 1, 11, 42, 49, 8
10, 33, 20, 6, 14, 9, 51, 29
7, 45, 15, 48, 51, 12, 6, 26
8, 39, 29, 16, 5, 12, 46, 2
9, 6, 29, 18, 12, 7, 2, 47
7, 44, 20, 16, 23, 2, 11, 32
8, 31, 1, 2, 43, 30, 10, 27
2, 31, 46, 6, 0, 27, 8, 20
4, 11, 30, 26, 50, 14, 18, 29
5, 22, 1, 24, 51, 39, 23, 33
6, 31, 37, 28, 48, 32, 7, 21
7, 8, 6, 14, 33, 25, 51, 40
2, 5, 2, 24, 22, 37, 9, 6
2, 20, 37, 32, 39, 38, 16, 14
2, 46, 11, 36, 18, 31, 51, 47
9, 17, 16, 21, 35, 19, 29, 30
3, 20, 39, 14, 28, 30, 5, 15
9, 28, 49, 44, 30, 0, 51, 38
8, 45, 27, 35, 31, 6, 26, 21
3, 34, 35, 3, 50, 44, 19, 45
3, 36, 23, 19, 26, 20, 32, 24
7, 33, 38, 10, 50, 29, 31, 23
4, 9, 28, 43, 48, 10, 23, 19
4, 17, 19, 15, 7, 23, 30, 39
2, 19, 0, 26, 43, 24, 39, 12
6, 24, 36, 0, 51, 21, 31, 25
6, 12, 3, 23, 34, 14, 31, 32
8, 0, 27, 13, 22, 46, 38, 18
6, 29, 50, 37, 25, 46, 45, 4
8, 0, 6, 41, 9, 34, 38, 35
8, 44, 36, 22, 17, 34, 23, 30
2, 36, 23, 10, 48, 4, 15, 0
9, 14, 9, 8, 43, 0, 11, 10
5, 38, 3, 40, 6, 27, 33, 12
10, 33, 13, 24, 15, 37, 10, 23
5, 29, 19, 18, 8, 13, 28, 31
2, 31, 6, 26, 41, 47, 12, 22
2, 51, 34, 22, 12, 50, 35, 32
6, 11, 45, 16, 36, 14, 48, 2
8, 10, 27, 22, 29, 24, 20, 17
10, 7, 24, 22, 8, 25, 18, 11
4, 40, 26, 36, 41, 44, 29, 50
4, 0, 23, 39, 50, 5, 10, 42
7, 41, 23, 3, 9, 34, 48, 6
3, 23, 5, 11, 42, 46, 27, 12
10, 46, 8, 31, 39, 11, 49, 19
7, 24, 16, 45, 26, 21, 10, 51
2, 48, 7, 41, 18, 23, 28, 38
4, 20, 47, 39, 11, 2, 45, 13
4, 42, 22, 43, 26, 34, 15, 44
10, 50, 34, 43, 27, 36, 35, 23
10, 47, 7, 9, 41, 51, 15, 33
6, 40, 21, 44, 51, 46, 16, 35
6, 18, 46, 45, 42, 6, 50, 47
8, 41, 32, 15, 37, 47, 46, 18
7, 36, 40, 14, 37, 31, 13, 19
3, 8, 28, 21, 43, 7, 6, 1
2, 34, 2, 11, 45, 37, 21, 15
2, 23, 43, 42, 0, 30, 5, 27
7, 33, 25, 21, 28, 8, 12, 44
9, 30, 14, 49, 48, 39, 1, 12
9, 39, 44, 8, 19, 5, 7, 29
8, 12, 11, 10, 29, 22, 15, 19
5, 43, 1, 2, 3, 36, 8, 24
4, 40, 33, 0, 35, 22, 24, 21
5, 21, 12, 5, 34, 45, 49, 32
6, 29, 0, 39, 32, 19, 16, 36
5, 44, 40, 23, 35, 49, 33, 24
5, 0, 28, 49, 37, 36, 39, 6
3, 44, 42, 32, 25, 4, 14, 38
9, 2, 33, 17, 46, 45, 3, 23
7, 7, 49, 50, 28, 30, 42, 13
2, 39, 20, 27, 0, 40, 41, 50
6, 44, 47, 48, 21, 14, 27, 7
8, 45, 5, 2, 7, 46, 51, 37
4, 33, 25, 2, 36, 43, 38, 4
2, 33, 51, 37, 0, 39, 22, 28
5, 31, 16, 5, 47, 3, 20, 2
7, 19, 46, 48, 5, 34, 37, 41
2, 19, 24, 31, 10, 18, 8, 0
3, 22, 24, 42, 6, 30, 5, 33
2, 41, 33, 43, 22, 47, 1, 34
6, 32, 5, 19, 34, 21, 6, 30
6, 9, 32, 6, 30, 15, 48, 37
5, 45, 39, 18, 16, 8, 14, 50
8, 42, 48, 30, 38, 2, 20, 39
9, 24, 16, 8, 35, 14, 21, 33
8, 3, 31, 20, 22, 48, 42, 49
4, 41, 1, 50, 11, 12, 4, 39
3, 28, 37, 12, 31, 34, 36, 48
4, 45, 34, 48, 38, 20, 43, 0
2, 33, 24, 21, 34, 43, 36, 47
7, 45, 33, 37, 25, 23, 5, 26
9, 39, 33, 21, 24, 8, 48, 7
9, 19, 48, 35, 0, 17, 40, 1
4, 27, 23, 31, 40, 26, 33, 6
2, 41, 7, 50, 17, 23, 25, 35
9, 49, 11, 4, 5, 48, 10, 44
8, 17, 50, 22, 3, 16, 46, 49
9, 22, 40, 7, 38, 5, 31, 32
3, 34, 23, 43, 9, 3, 12, 17
2, 16, 25, 13, 7, 6, 40, 51
4, 32, 51, 11, 40, 18, 3, 2
7, 34, 19, 27, 28, 36, 30, 14
10, 46, 12, 43, 16, 4, 38, 5
6, 42, 3, 40, 37, 26, 41, 0
5, 39, 40, 47, 16, 46, 24, 25
5, 26, 4, 44, 48, 43, 16, 7
3, 12, 24, 15, 19, 22, 47, 29
6, 50, 5, 23, 8, 47, 12, 25
5, 5, 16, 36, 46, 40, 35, 10
10, 2, 4, 23, 26, 12, 29, 18
9, 18, 33, 15, 39, 11, 2, 40
2, 28, 47, 40, 50, 45, 30, 16
8, 15, 18, 44, 10, 29, 35, 30
9, 19, 39, 48, 14, 17, 43, 3
7, 5, 51, 39, 24, 22, 21, 46
6, 14, 22, 34, 41, 26, 39, 28
3, 9, 6, 33, 36, 35, 0, 22
2, 11, 2, 45, 0, 5, 29, 6
2, 21, 29, 28, 31, 7, 13, 44
6, 1, 12, 30, 0, 13, 9, 37
4, 2, 21, 24, 22, 46, 49, 19
3, 9, 24, 50, 28, 27, 17, 0
5, 20, 17, 2, 1, 45, 4, 26
3, 5, 43, 9, 27, 20, 1, 4
2, 16, 25, 22, 3, 31, 15, 5
9, 12, 50, 11, 2, 22, 26, 10
7, 23, 39, 43, 12, 14, 18, 4
2, 43, 36, 3, 19, 18, 15, 41
10, 13, 25, 36, 31, 32, 42, 18
7, 24, 41, 9, 19, 14, 12, 48
2, 30, 4, 50, 15, 35, 6, 27
4, 18, 19, 4, 1, 47, 2, 14
5, 31, 30, 0, 23, 21, 39, 28
7, 9, 32, 46, 38, 40, 37, 0
2, 40, 21, 45, 5, 15, 31, 51
8, 18, 10, 38, 47, 15, 30, 43
6, 6, 23, 46, 50, 14, 35, 7
4, 1, 45, 24, 39, 9, 22, 20
3, 34, 25, 47, 3, 27, 10, 13
3, 3, 26, 18, 15, 8, 50, 1
9, 9, 47, 6, 8, 40, 16, 25
2, 23, 29, 40, 27, 41, 14, 21
10, 39, 1, 33, 35, 16, 43, 6
9, 30, 7, 32, 38, 39, 37, 20
7, 27, 19, 25, 31, 5, 49, 2
8, 49, 13, 7, 9, 34, 38, 10
9, 11, 14, 34, 20, 16, 28, 0
6, 24, 9, 29, 33, 19, 17, 32
10, 25, 32, 42, 4, 19, 7, 22
6, 43, 29, 3, 33, 40, 0, 47
2, 1, 4, 2, 42, 15, 3, 50
5, 35, 24, 51, 34, 13, 30, 49
4, 43, 33, 46, 10, 25, 4, 22
9, 27, 16, 32, 46, 12, 51, 38
9, 22, 17, 39, 19, 30, 16, 28
2, 2, 5, 27, 34, 41, 18, 14
2, 6, 44, 24, 30, 12, 16, 40
2, 34, 43, 46, 33, 8, 11, 23
3, 38, 30, 28, 51, 43, 46, 29
6, 26, 40, 14, 10, 51, 28, 37
5, 39, 12, 43, 6, 32, 44, 24
7, 3, 39, 19, 15, 31, 1, 29
9, 4, 36, 34, 18, 42, 5, 33
9, 41, 10, 8, 5, 48, 19, 2
3, 24, 11, 1, 8, 31, 36, 27
5, 21, 48, 41, 8, 1, 31, 37
9, 50, 20, 30, 19, 46, 36, 22
10, 0, 23, 2, 43, 26, 10, 16
4, 22, 49, 28, 7, 20, 3, 47
6, 34, 22, 13, 48, 28, 24, 32
8, 16, 2, 15, 47, 9, 19, 3
3, 44, 48, 1, 41, 36, 51, 24
4, 0, 6, 16, 18, 22, 8, 29
7, 29, 2, 12, 51, 16, 44, 7
9, 1, 10, 46, 0, 9, 41, 45
5, 35, 9, 28, 43, 4, 12, 13
6, 1, 33, 31, 8, 39, 0, 43
2, 21, 12, 4, 1, 49, 5, 41
4, 41, 46, 22, 31, 51, 19, 30
2, 14, 42, 36, 44, 18, 38, 37
10, 7, 11, 51, 35, 45, 24, 16
2, 33, 46, 13, 21, 2, 19, 18
10, 8, 39, 22, 11, 36, 19, 46
10, 43, 47, 3, 28, 17, 2, 46
10, 33, 46, 40, 41, 12, 4, 37
5, 36, 0, 30, 37, 43, 2, 34
10, 12, 27, 2, 42, 41, 14, 28
8, 26, 31, 15, 33, 12, 29, 8
10, 38, 0, 4, 34, 29, 26, 21
5, 12, 39, 15, 31, 19, 1, 48
10, 41, 17, 25, 47, 51, 9, 6
9, 7, 33, 49, 41, 17, 47, 31
4, 45, 42, 38, 34, 31, 47, 8
10, 4, 21, 13, 3, 19, 10, 30
5, 34, 40, 6, 25, 5, 19, 4
2, 31, 48, 0, 39, 41, 22, 8
9, 3, 35, 8, 26, 51, 5, 38
9, 10, 18, 41, 17, 5, 6, 43
7, 24, 48, 11, 37, 0, 38, 16
3, 33, 51, 15, 42, 50, 36, 45
6, 5, 39, 30, 10, 17, 21, 25
5, 0, 18, 13, 39, 43, 42, 11
8, 31, 50, 36, 2, 1, 13, 6
2, 0, 7, 29, 16, 33, 20, 27
4, 20, 50, 35, 48, 27, 45, 29
5, 45, 23, 35, 25, 17, 14, 19
4, 20, 46, 25, 27, 10, 33, 2
9, 7, 13, 50, 12, 37, 29, 35
6, 7, 39, 42, 38, 30, 28, 1
10, 26, 49, 12, 51, 24, 22, 9
6, 33, 37, 43, 23, 0, 34, 31
10, 34, 5, 29, 24, 2, 25, 32
6, 37, 39, 35, 43, 19, 24, 31
5, 50, 17, 46, 44, 6, 35, 20
2, 25, 37, 5, 30, 43, 28, 29
5, 43, 11, 1, 42, 0, 48, 26
7, 16, 4, 3, 2, 9, 41, 42
4, 34, 2, 14, 39, 38, 37, 49
10, 36, 13, 3, 31, 43, 25, 29
4, 4, 15, 40, 0, 39, 44, 7
3, 49, 22, 2, 48, 21, 31, 47
9, 16, 0, 3, 30, 12, 36, 34
4, 11, 20, 44, 5, 37, 10, 26
8, 10, 21, 15, 19, 16, 7, 32
7, 1, 5, 2, 50, 32, 24, 47
9, 4, 15, 14, 25, 10, 50, 20
2, 39, 23, 26, 17, 33, 35, 43
3, 9, 3, 6, 36, 35, 45, 43
10, 22, 11, 50, 48, 15, 28, 7
6, 34, 13, 20, 51, 39, 46, 41
2, 10, 17, 0, 42, 37, 18, 51
3, 38, 7, 34, 51, 43, 12, 30
5, 29, 37, 12, 40, 39, 16, 47
5, 5, 26, 39, 21, 24, 38, 29
9, 45, 25, 0, 18, 35, 41, 13
8, 21, 8, 47, 30, 17, 1, 32
5, 4, 3, 19, 34, 9, 28, 42
7, 33, 44, 37, 51, 6, 2, 30
5, 8, 15, 28, 32, 36, 50, 6
2, 24, 34, 21, 39, 16, 32, 4
2, 26, 24, 1, 15, 12, 44, 42
6, 31, 0, 14, 2, 18, 8, 49
6, 37, 0, 40, 3, 34, 32, 42
3, 3, 17, 0, 21, 23, 36, 35
10, 35, 2, 3, 46, 47, 43, 0
5, 11, 3, 13, 43, 49, 26, 29
2, 29, 27, 7, 42, 17, 3, 18
10, 37, 28, 30, 42, 4, 18, 20
3, 22, 6, 7, 24, 18, 43, 40
6, 11, 51, 5, 22, 18, 26, 38
5, 44, 39, 8, 37, 3, 19, 1
6, 40, 7, 19, 28, 22, 18, 12
2, 12, 50, 47, 17, 27, 7, 8
6, 49, 2, 45, 22, 25, 34, 17
8, 17, 36, 18, 9, 5, 23, 14
10, 36, 29, 14, 34, 16, 21, 26
4, 22, 15, 37, 51, 29, 14, 26
6, 39, 21, 20, 42, 36, 32, 47
4, 42, 40, 28, 0, 51, 46, 37
10, 5, 49, 31, 27, 16, 47, 13
5, 24, 16, 39, 23, 21, 51, 9
6, 13, 35, 16, 19, 34, 29, 20
4, 20, 18, 31, 37, 46, 16, 26
2, 34, 12, 7, 9, 32, 23, 42
10, 41, 37, 33, 30, 45, 40, 1
7, 49, 42, 8, 18, 36, 46, 10
6, 37, 31, 14, 23, 22, 18, 3
10, 31, 50, 38, 48, 18, 46, 41
2, 32, 45, 31, 2, 38, 1, 4
3, 28, 14, 37, 17, 29, 41, 40
8, 30, 47, 8, 44, 37, 14, 6
7, 13, 3, 39, 23, 10, 41, 16
8, 16, 12, 20, 17, 11, 3, 22
10, 44, 21, 34, 43, 42, 8, 17
10, 9, 19, 16, 3, 45, 43, 28
9, 35, 25, 6, 14, 50, 42, 48
7, 17, 35, 30, 48, 37, 15, 9
4, 1, 50, 0, 24, 40, 48, 16
3, 40, 15, 29, 30, 51, 19, 12
8, 28, 21, 44, 48, 16, 30, 8
9, 2, 38, 46, 49, 34, 42, 0
10, 10, 49, 5, 9, 32, 40, 12
3, 24, 19, 23, 9, 41, 0, 36
10, 36, 40, 28, 32, 42, 34, 39
10, 50, 16, 39, 1, 49, 28, 14
4, 51, 16, 35, 48, 20, 29, 39
9, 3, 33, 34, 39, 37, 13, 4
2, 26, 41, 27, 24, 39, 35, 36
2, 33, 32, 2, 35, 23, 34, 22
4, 29, 32, 3, 16, 31, 36, 11
5, 46, 19, 7, 21, 42, 31, 22
3, 23, 15, 1, 5, 31, 24, 35
6, 12, 5, 39, 9, 25, 41, 29
4, 16, 31, 7, 49, 23, 33, 20
6, 20, 36, 49, 44, 29, 4, 15
6, 15, 29, 12, 38, 13, 20, 7
4, 36, 30, 32, 29, 18, 27, 14
6, 27, 10, 37, 49, 24, 17, 0
3, 16, 20, 12, 32, 31, 22, 21
2, 5, 17, 27, 25, 2, 15, 43
8, 6, 18, 42, 20, 37, 40, 9
3, 41, 18, 25, 14, 12, 51, 36
9, 12, 48, 44, 23, 1, 9, 14
10, 18, 37, 2, 3, 41, 16, 8
10, 6, 13, 46, 50, 47, 21, 5
5, 29, 13, 18, 5, 20, 15, 47
9, 31, 18, 17, 2, 33, 24, 28
7, 1, 24, 21, 36, 41, 14, 12
10, 6, 35, 38, 26, 29, 48, 45
9, 32, 6, 29, 43, 35, 40, 51
6, 8, 7, 36, 30, 41, 18, 16
2, 17, 44, 11, 6, 22, 51, 47
4, 24, 27, 5, 34, 25, 46, 20
6, 21, 11, 9, 35, 46, 2, 3
5, 26, 46, 34, 16, 27, 30, 11
2, 24, 5, 29, 3, 49, 37, 8
3, 4, 21, 40, 44, 15, 42, 45
3, 21, 42, 25, 16, 33, 23, 36
4, 19, 17, 32, 34, 28, 5, 14
5, 6, 17, 38, 33, 45, 28, 30
4, 29, 34, 11, 39, 16, 7, 22
4, 17, 39, 25, 6, 10, 26, 19
6, 33, 22, 46, 2, 26, 39, 5
3, 51, 26, 47, 50, 22, 18, 23
3, 16, 8, 24, 21, 36, 51, 45
8, 8, 39, 46, 9, 26, 17, 0
6, 3, 17, 20, 38, 5, 18, 21
6, 49, 33, 25, 2, 14, 43, 48
8, 43, 5, 24, 45, 20, 21, 29
3, 34, 5, 19, 37, 35, 17, 33
7, 45, 5, 15, 2, 31, 29, 41
7, 6, 4, 2, 13, 33, 5, 24
7, 50, 1, 30, 8, 23, 44, 9
3, 25, 50, 28, 46, 0, 39, 6
5, 42, 15, 45, 36, 22, 18, 25
6, 11, 23, 13, 45, 28, 32, 31
4, 45, 23, 40, 3, 41, 17, 30
5, 44, 27, 17, 4, 48, 42, 3
5, 19, 18, 32, 12, 25, 47, 39
10, 38, 12, 7, 48, 30, 17, 31
10, 11, 28, 32, 40, 3, 43, 10
6, 45, 41, 38, 50, 9, 17, 43
9, 22, 28, 6, 23, 38, 51, 1
8, 0, 6, 42, 12, 47, 33, 8
9, 22, 41, 2, 48, 35, 18, 11
4, 20, 36, 5, 2, 41, 28, 6
7, 0, 49, 22, 14, 3, 46, 9
9, 45, 23, 30, 37, 36, 21, 47
5, 39, 11, 27, 48, 38, 46, 16
3, 39, 25, 37, 33, 18, 17, 34
7, 20, 25, 30, 7, 31, 12, 37
4, 40, 45, 1, 16, 37, 10, 31
3, 27, 21, 4, 13, 3, 18, 44
4, 49, 5, 28, 31, 41, 30, 17
2, 1, 12, 15, 26, 35, 49, 39
8, 17, 16, 28, 30, 26, 37, 5
4, 8, 41, 2, 0, 32, 23, 37
8, 24, 19, 12, 15, 9, 18, 14
5, 11, 27, 29, 26, 18, 12, 31
10, 25, 23, 30, 33, 18, 50, 27
2, 8, 14, 28, 25, 20, 32, 31
5, 1, 16, 23, 2, 30, 14, 8
5, 4, 20, 43, 25, 35, 2, 40
4, 31, 35, 14, 46, 33, 29, 20
9, 26, 3, 40, 4, 7, 27, 30
9, 45, 33, 4, 11, 49, 40, 37
9, 24, 9, 12, 4, 28, 45, 23
4, 38, 33, 9, 7, 29, 25, 2
8, 8, 7, 1, 27, 30, 41, 42
2, 22, 23, 2, 24, 27, 28, 49
2, 6, 13, 29, 36, 17, 40, 2
6, 25, 48, 31, 44, 14, 27, 49
4, 35, 41, 34, 31, 4, 13, 40
8, 3, 38, 29, 42, 21, 17, 31
3, 23, 1, 14, 51, 3, 46, 7
5, 17, 22, 19, 31, 42, 25, 24
2, 42, 34, 21, 6, 39, 28, 46
10, 32, 29, 48, 35, 3, 46, 20
10, 24, 50, 19, 21, 30, 44, 46
5, 17, 14, 37, 0, 35, 8, 30
4, 49, 47, 25, 43, 21, 27, 14
5, 12, 42, 32, 50, 0, 16, 51
4, 47, 48, 29, 37, 9, 1, 45
6, 9, 44, 7, 45, 50, 48, 16
4, 4, 3, 17, 2, 27, 25, 50
3, 9, 15, 32, 19, 37, 26, 11
3, 2, 5, 20, 43, 8, 51, 18
7, 1, 22, 43, 46, 10, 12, 34
6, 13, 25, 6, 22, 49, 41, 18
2, 29, 6, 51, 12, 45, 24, 17
7, 8, 40, 4, 7, 31, 2, 19
5, 41, 50, 43, 26, 30, 19, 39
4, 38, 51, 22, 16, 31, 36, 29
4, 21, 3, 11, 0, 9, 19, 1
8, 37, 20, 43, 6, 32, 41, 46
6, 31, 3, 27, 1, 8, 46, 10
10, 24, 11, 34, 37, 2, 35, 6
9, 41, 1, 27, 48, 19, 18, 9
10, 51, 8, 4, 45, 49, 28, 13
10, 32, 45, 48, 49, 44, 47, 8
10, 24, 19, 13, 20, 14, 50, 30
9, 3, 51, 28, 0, 21, 6, 26
6, 47, 33, 0, 10, 37, 6, 34
6, 43, 25, 49, 29, 26, 12, 37
4, 39, 22, 35, 18, 15, 17, 33
4, 10, 9, 25, 30, 45, 6, 50
6, 11, 49, 30, 12, 17, 1, 32
5, 23, 49, 50, 8, 43, 30, 26
2, 45, 4, 49, 5, 43, 36, 2
7, 0, 30, 17, 15, 12, 6, 32
7, 15, 4, 39, 42, 34, 6, 16
6, 34, 7, 37, 38, 48, 15, 1
9, 49, 20, 25, 12, 30, 38, 35
9, 48, 0, 14, 30, 18, 5, 29
4, 36, 12, 16, 33, 20, 17, 32
9, 3, 50, 46, 11, 1, 37, 9
2, 25, 51, 11, 41, 40, 13, 45
10, 7, 2, 6, 11, 34, 20, 9
7, 6, 1, 4, 9, 20, 26, 30
9, 22, 21, 46, 12, 3, 28, 36
6, 34, 36, 35, 42, 38, 17, 1
2, 8, 10, 11, 27, 12, 49, 43
9, 38, 27, 35, 41, 36, 3, 9
5, 4, 20, 12, 50, 14, 10, 6
5, 40, 23, 48, 26, 22, 31, 42
6, 28, 36, 24, 9, 20, 38, 12
2, 3, 2, 8, 23, 7, 29, 34
10, 31, 19, 42, 13, 38, 7, 36
3, 0, 25, 31, 24, 16, 33, 27
2, 47, 46, 10, 25, 18, 20, 16
2, 43, 44, 26, 46, 31, 29, 51
3, 22, 30, 26, 24, 42, 40, 14
8, 45, 25, 15, 31, 11, 38, 20
6, 50, 0, 19, 34, 12, 11, 49
3, 13, 21, 24, 32, 15, 48, 19
10, 9, 12, 44, 28, 45, 16, 31
5, 46, 42, 12, 45, 25, 31, 4
8, 12, 50, 42, 33, 44, 32, 31
6, 46, 20, 17, 41, 6, 7, 36
8, 43, 12, 1, 27, 3, 13, 6
7, 47, 28, 41, 1, 40, 33, 20
7, 42, 40, 47, 7, 34, 38, 49
8, 8, 48, 20, 41, 27, 35, 23
6, 24, 51, 8, 11, 7, 12, 10
5, 18, 14, 40, 19, 48, 29, 42
6, 32, 4, 31, 5, 46, 14, 34
5, 39, 12, 18, 28, 29, 30, 41
3, 38, 41, 25, 39, 16, 19, 27
7, 5, 43, 32, 15, 18, 22, 2
9, 25, 38, 51, 35, 10, 22, 13
4, 31, 27, 28, 0, 11, 34, 29
5, 15, 27, 42, 23, 1, 49, 34
3, 43, 4, 9, 28, 6, 37, 3
7, 50, 11, 18, 51, 38, 29, 16
8, 1, 5, 48, 0, 23, 7, 14
9, 40, 7, 46, 26, 35, 32, 12
3, 45, 21, 25, 22, 24, 8, 32
10, 6, 15, 3, 29, 40, 19, 30
4, 34, 28, 13, 12, 25, 24, 8
9, 10, 47, 49, 12, 22, 3, 26
8, 6, 3, 18, 23, 13, 22, 17
5, 26, 19, 37, 50, 48, 16, 2
7, 15, 32, 51, 30, 28, 40, 43
5, 50, 33, 8, 42, 21, 14, 31
8, 44, 1, 47, 2, 12, 26, 29
2, 8, 6, 36, 23, 9, 13, 50
3, 43, 49, 1, 2, 11, 37, 8
4, 14, 33, 16, 9, 21, 49, 34
2, 36, 0, 40, 28, 10, 15, 37
2, 46, 13, 27, 51, 1, 5, 38
9, 29, 28, 31, 27, 50, 8, 22
5, 16, 24, 50, 13, 10, 45, 2
7, 36, 14, 15, 38, 29, 37, 10
9, 46, 2, 19, 16, 50, 3, 0
3, 34, 41, 3, 17, 44, 37, 11
3, 14, 32, 30, 50, 24, 26, 51
7, 11, 32, 35, 24, 26, 23, 7
6, 26, 34, 18, 24, 9, 8, 44
2, 27, 9, 48, 14, 20, 4, 22
5, 10, 17, 44, 31, 6, 43, 1
9, 48, 12, 25, 13, 5, 30, 21
7, 25, 20, 41, 15, 44, 36, 49
5, 35, 39, 0, 23, 51, 48, 31
9, 10, 20, 39, 22, 45, 25, 8
8, 26, 2, 51, 33, 3, 10, 22
9, 30, 20, 49, 21, 11, 5, 0
5, 37, 12, 19, 10, 31, 27, 6
4, 44, 14, 47, 24, 6, 35, 9
9, 18, 40, 48, 29, 38, 43, 19
8, 36, 45, 11, 0, 13, 8, 47
10, 32, 14, 23, 28, 16, 12, 36
6, 32, 43, 0, 3, 6, 45, 44
2, 26, 6, 28, 8, 50, 20, 10
5, 23, 47, 14, 25, 42, 13, 18
6, 22, 25, 49, 51, 27, 42, 21
10, 23, 40, 39, 12, 45, 49, 21
3, 29, 49, 5, 30, 18, 27, 14
9, 27, 6, 15, 12, 7, 36, 24
9, 6, 38, 22, 21, 39, 9, 18
4, 26, 3, 2, 14, 19, 4, 20
9, 33, 24, 41, 2, 32, 48, 11
9, 51, 1, 3, 33, 18, 15, 8
6, 25, 17, 31, 42, 50, 38, 1
2, 34, 24, 31, 21, 12, 28, 20
7, 28, 24, 1, 37, 7, 44, 27
2, 15, 39, 11, 45, 31, 37, 34
5, 15, 26, 17, 48, 25, 29, 14
2, 37, 38, 40, 3, 14, 42, 50
9, 17, 39, 6, 45, 5, 29, 23
9, 16, 20, 39, 37, 38, 4, 1
6, 11, 51, 47, 1, 25, 10, 8
6, 0, 24, 39, 20, 44, 11, 35
9, 43, 50, 27, 1, 49, 42, 40
4, 10, 7, 30, 9, 28, 1, 2
6, 35, 43, 27, 41, 15, 14, 20
8, 35, 19, 7, 32, 29, 44, 1
3, 49, 48, 6, 40, 10, 25, 16
6, 1, 36, 31, 6, 41, 33, 38
5, 11, 13, 37, 29, 24, 39, 19
6, 7, 6, 13, 20, 14, 19, 30
9, 29, 10, 24, 25, 26, 1, 27
6, 19, 32, 39, 29, 27, 7, 23
9, 11, 38, 3, 13, 29, 4, 33
5, 30, 7, 0, 37, 13, 5, 46
4, 51, 5, 18, 7, 42, 27, 46
8, 30, 42, 4, 16, 13, 11, 6
10, 39, 33, 9, 12, 17, 35, 19
4, 9, 23, 4, 39, 19, 50, 8
6, 12, 30, 20, 16, 42, 31, 13
9, 33, 43, 28, 45, 23, 0, 40
8, 24, 2, 27, 37, 36, 32, 38
10, 36, 13, 28, 48, 18, 51, 7
6, 41, 35, 44, 39, 19, 25, 9
5, 1, 44, 12, 4, 45, 3, 28
5, 49, 28, 26, 17, 38, 14, 20
5, 41, 29, 39, 3, 7, 45, 46
6, 45, 25, 41, 20, 46, 34, 16
2, 16, 33, 34, 8, 43, 30, 32
9, 20, 48, 6, 18, 39, 26, 51
8, 41, 31, 51, 3, 38, 17, 6
4, 27, 2, 44, 39, 46, 40, 29
5, 25, 28, 38, 20, 16, 1, 3
6, 12, 47, 0, 46, 28, 39, 18
9, 36, 21, 46, 11, 4, 19, 16
2, 35, 34, 24, 31, 19, 36, 26
3, 6, 12, 5, 38, 30, 47, 29
8, 27, 19, 6, 23, 30, 45, 20
4, 16, 27, 6, 35, 5, 45, 1
6, 23, 41, 40, 42, 13, 2, 0
7, 29, 35, 5, 39, 9, 20, 28
4, 31, 23, 39, 28, 38, 13, 22
4, 37, 21, 38, 10, 28, 24, 26
4, 6, 50, 23, 31, 35, 30, 33
10, 31, 34, 2, 37, 21, 13, 51
4, 17, 15, 34, 1, 21, 25, 20
2, 50, 17, 36, 27, 15, 31, 22
7, 12, 20, 2, 13, 40, 10, 5
8, 33, 10, 32, 41, 18, 23, 13
7, 37, 25, 42, 6, 32, 8, 45
10, 13, 7, 23, 14, 35, 17, 26
6, 29, 27, 14, 10, 8, 16, 45
4, 40, 38, 17, 36, 28, 19, 12
3, 37, 23, 28, 4, 18, 0, 49
9, 38, 8, 11, 24, 17, 3, 7
8, 4, 12, 25, 2, 51, 3, 18
3, 36, 0, 49, 10, 18, 46, 29
3, 24, 49, 10, 51, 21, 6, 9
7, 11, 48, 15, 36, 39, 24, 43
5, 27, 25, 41, 2, 11, 3, 34
2, 27, 39, 35, 12, 29, 6, 13
9, 27, 18, 28, 8, 38, 24, 36
3, 31, 33, 25, 21, 46, 50, 13
7, 51, 36, 16, 40, 4, 44, 0
4, 48, 28, 50, 27, 3, 39, 12
8, 12, 43, 21, 23, 15, 19, 51
2, 38, 19, 16, 4, 43, 20, 46
10, 13, 24, 48, 12, 15, 44, 29
9, 25, 7, 1, 28, 36, 6, 18
2, 50, 25, 28, 8, 30, 23, 39
3, 17, 40, 28, 33, 51, 35, 25
2, 9, 32, 27, 15, 0, 34, 38
9, 8, 34, 28, 7, 43, 35, 40
8, 43, 8, 11, 9, 5, 23, 15
5, 3, 35, 4, 40, 32, 14, 48
2, 33, 15, 1, 38, 42, 3, 7
6, 23, 20, 3, 37, 49, 0, 8
7, 8, 5, 29, 24, 45, 32, 25
7, 4, 22, 0, 43, 12, 8, 40
6, 27, 11, 0, 48, 34, 15, 51
4, 9, 24, 35, 6, 26, 50, 21
6, 25, 34, 18, 15, 30, 2, 10
4, 27, 46, 10, 33, 14, 36, 2
4, 31, 1, 26, 5, 12, 8, 21
8, 25, 15, 47, 36, 40, 10, 5
10, 0, 27, 15, 28, 2, 38, 17
10, 19, 18, 30, 29, 43, 38, 17
7, 5, 0, 21, 40, 31, 12, 51
2, 19, 0, 37, 6, 38, 31, 13
9, 27, 50, 40, 49, 35, 6, 43
9, 50, 17, 41, 10, 37, 14, 40
4, 43, 22, 37, 4, 2, 29, 26
3, 50, 40, 45, 4, 33, 51, 49
4, 26, 34, 4, 2, 1, 48, 15
10, 2, 50, 12, 28, 46, 26, 51
8, 26, 11, 35, 29, 41, 8, 18
2, 48, 28, 19, 36, 33, 15, 12
7, 7, 16, 2, 23, 5, 32, 41
6, 48, 20, 8, 10, 0, 6, 37
3, 18, 44, 51, 0, 16, 8, 7
5, 14, 3, 46, 9, 25, 41, 32
9, 20, 31, 17, 36, 29, 38, 44
6, 36, 4, 46, 25, 15, 11, 13
8, 19, 46, 16, 24, 17, 20, 25
9, 25, 16, 0, 2, 38, 6, 23
6, 38, 37, 21, 12, 51, 6, 48
6, 29, 41, 0, 49, 39, 31, 17
3, 19, 51, 32, 33, 41, 30, 1
4, 12, 23, 22, 24, 51, 50, 3
7, 42, 4, 3, 47, 17, 8, 33
3, 28, 16, 0, 42, 23, 49, 50
5, 39, 16, 22, 18, 28, 50, 15
4, 6, 2, 33, 24, 8, 21, 45
2, 27, 40, 38, 7, 51, 44, 43
6, 27, 38, 0, 28, 19, 41, 43
6, 39, 0, 25, 13, 41, 17, 26
5, 17, 47, 31, 49, 3, 27, 48
5, 33, 22, 17, 48, 20, 49, 46
3, 14, 3, 12, 2, 41, 31, 36
3, 26, 14, 11, 32, 2, 9, 13
3, 46, 26, 1, 49, 38, 9, 5
3, 23, 25, 12, 41, 42, 44, 2
8, 30, 8, 34, 10, 4, 18, 23
2, 47, 10, 31, 45, 9, 39, 2
6, 20, 34, 28, 30, 24, 48, 4
9, 0, 39, 47, 12, 2, 15, 5
8, 4, 50, 39, 41, 14, 46, 25
5, 8, 37, 16, 9, 11, 1, 23
5, 12, 1, 6, 39, 11, 17, 10
9, 30, 21, 49, 15, 45, 17, 19
9, 48, 10, 28, 26, 33, 18, 3
5, 25, 9, 43, 12, 24, 4, 47
3, 11, 19, 33, 49, 18, 38, 25
3, 26, 24, 7, 22, 39, 8, 13
2, 3, 13, 39, 46, 40, 26, 32
8, 8, 18, 14, 13, 31, 23, 42
6, 7, 46, 39, 37, 45, 0, 38
2, 46, 24, 35, 20, 7, 14, 0
5, 40, 19, 37, 51, 38, 14, 28
9, 16, 43, 11, 46, 12, 39, 31
10, 36, 40, 13, 4, 6, 42, 20
2, 34, 24, 3, 46, 14, 11, 47
7, 51, 30, 19, 13, 37, 33, 49
5, 13, 46, 43, 15, 8, 6, 41
9, 6, 24, 42, 5, 47, 28, 34
2, 30, 12, 29, 17, 43, 34, 7
7, 25, 14, 47, 7, 49, 16, 0
9, 14, 10, 37, 49, 6, 25, 3
5, 38, 1, 49, 35, 23, 4, 25
8, 30, 39, 46, 22, 8, 10, 15
6, 23, 46, 13, 28, 4, 20, 5
2, 12, 23, 30, 32, 51, 36, 44
2, 8, 32, 39, 5, 38, 48, 51
9, 28, 6, 11, 18, 9, 4, 44
4, 33, 8, 41, 25, 23, 1, 2
3, 20, 40, 12, 50, 30, 15, 31
3, 1, 39, 9, 35, 27, 2, 18
10, 8, 25, 42, 17, 23, 39, 37
6, 23, 12, 4, 39, 29, 50, 5
9, 2, 16, 3, 6, 22, 17, 15
5, 21, 46, 39, 51, 23, 9, 18
4, 36, 48, 41, 9, 23, 21, 24
6, 51, 27, 26, 42, 47, 9, 32
10, 5, 11, 41, 36, 45, 7, 15
3, 37, 45, 18, 25, 31, 29, 15
3, 51, 49, 26, 6, 17, 30, 11
3, 9, 44, 35, 25, 27, 37, 40
9, 33, 19, 45, 49, 10, 14, 44
9, 0, 9, 1, 24, 46, 32, 13
10, 33, 22, 43, 49, 37, 3, 31
4, 46, 42, 50, 49, 22, 40, 11
2, 8, 20, 29, 1, 15, 3, 50
6, 27, 36, 46, 48, 44, 19, 18
6, 45, 22, 0, 24, 35, 48, 44
7, 15, 26, 36, 9, 8, 51, 48
4, 22, 2, 0, 34, 39, 48, 20
5, 49, 8, 35, 3, 11, 38, 34
4, 40, 16, 3, 18, 47, 6, 0
10, 43, 38, 44, 2, 48, 42, 49
6, 0, 48, 36, 11, 18, 23, 44
3, 28, 29, 41, 49, 33, 15, 16
9, 46, 39, 11, 18, 50, 15, 3
5, 42, 51, 0, 31, 30, 1, 26
7, 18, 1, 20, 14, 8, 6, 25
7, 9, 31, 1, 4, 7, 40, 36
2, 23, 22, 48, 44, 19, 17, 31
7, 31, 16, 25, 48, 8, 18, 51
8, 32, 9, 12, 19, 20, 40, 14
7, 27, 3, 9, 38, 42, 4, 39
9, 4, 25, 31, 0, 10, 34, 5
7, 44, 23, 36, 3, 13, 45, 2
2, 33, 44, 16, 17, 28, 31, 29
4, 27, 19, 20, 38, 48, 32, 18
3, 13, 10, 47, 8, 21, 29, 25
4, 6, 35, 47, 11, 30, 7, 45
8, 10, 35, 23, 25, 15, 21, 18
4, 22, 18, 0, 37, 31, 16, 25
7, 29, 5, 27, 35, 6, 42, 17
4, 38, 19, 37, 46, 47, 4, 50
2, 40, 1, 36, 50, 35, 18, 4
6, 16, 51, 37, 14, 46, 11, 48
4, 18, 3, 26, 9, 44, 43, 19
3, 21, 34, 46, 50, 37, 45, 9
3, 39, 13, 25, 45, 18, 35, 34
3, 12, 24, 34, 25, 46, 10, 49
6, 27, 44, 0, 50, 40, 24, 9
10, 47, 20, 13, 27, 23, 37, 43
9, 49, 5, 4, 47, 34, 35, 11
10, 34, 4, 46, 45, 49, 11, 27
10, 29, 22, 37, 3, 44, 20, 50
6, 35, 1, 8, 36, 24, 47, 14
4, 42, 22, 49, 30, 16, 0, 17
7, 21, 27, 23, 0, 7, 45, 36
7, 0, 24, 10, 39, 46, 4, 19
6, 29, 40, 12, 14, 7, 28, 5
2, 19, 7, 6, 25, 49, 38, 41
8, 15, 0, 50, 43, 40, 14, 5
7, 5, 23, 50, 41, 17, 33, 11
7, 31, 45, 32, 27, 1, 22, 5
5, 50, 22, 39, 35, 37, 20, 9
9, 28, 34, 6, 50, 16, 47, 9
7, 20, 35, 48, 41, 1, 32, 31
3, 35, 6, 41, 48, 25, 31, 40
4, 22, 16, 39, 10, 15, 9, 29
4, 36, 40, 33, 42, 10, 29, 15
9, 33, 41, 49, 25, 7, 14, 19
2, 28, 25, 32, 4, 51, 26, 18
9, 20, 51, 23, 22, 7, 45, 18
8, 19, 29, 47, 32, 23, 9, 46
9, 3, 44, 30, 9, 20, 38, 46
3, 6, 26, 5, 45, 48, 37, 28
9, 44, 23, 26, 49, 3, 40, 7
10, 37, 29, 35, 34, 27, 25, 18
4, 51, 2, 44, 48, 31, 17, 1
2, 19, 5, 36, 21, 1, 13, 11
6, 49, 18, 31, 28, 29, 38, 30
8, 26, 38, 9, 21, 33, 1, 20
8, 23, 8, 35, 41, 29, 51, 18
3, 32, 10, 41, 37, 34, 47, 15
9, 0, 32, 21, 38, 7, 48, 20
8, 0, 36, 10, 39, 34, 7, 26
8, 41, 5, 6, 36, 51, 24, 11
6, 27, 40, 7, 23, 34, 43, 32
5, 6, 5, 25, 10, 17, 1, 16
5, 30, 27, 25, 31, 14, 20, 49
4, 35, 14, 48, 11, 19, 25, 49
10, 11, 33, 47, 13, 44, 19, 25
8, 43, 10, 13, 1, 42, 47, 50
8, 3, 16, 2, 25, 0, 6, 41
5, 39, 6, 30, 28, 9, 1, 47
2, 31, 20, 12, 13, 38, 18, 44
2, 34, 38, 13, 11, 6, 16, 0
6, 41, 27, 2, 8, 19, 45, 40
8, 2, 8, 40, 44, 22, 36, 28
10, 30, 51, 15, 47, 28, 5, 39
4, 4, 16, 41, 49, 28, 24, 37
3, 21, 22, 29, 6, 1, 50, 10
8, 32, 47, 3, 46, 48, 36, 15
2, 10, 23, 42, 5, 8, 39, 25
7, 35, 27, 30, 12, 37, 10, 29
6, 19, 42, 0, 7, 44, 5, 36
3, 16, 0, 25, 33, 14, 9, 31
6, 46, 26, 12, 32, 31, 19, 36
10, 2, 10, 14, 45, 36, 20, 29
7, 31, 8, 26, 21, 42, 2, 4
8, 30, 16, 21, 31, 12, 24, 28
10, 44, 7, 45, 13, 6, 15, 12
9, 11, 0, 19, 9, 44, 47, 22
7, 30, 10, 3, 19, 22, 13, 5
9, 28, 22, 2, 33, 35, 25, 31
3, 32, 12, 42, 43, 21, 37, 10
8, 31, 49, 42, 27, 40, 36, 38
4, 37, 3, 39, 50, 43, 20, 22
10, 30, 25, 51, 37, 21, 14, 24
2, 2, 7, 9, 6, 24, 3, 44
5, 42, 8, 32, 13, 31, 12, 30
7, 27, 18, 21, 2, 13, 42, 29
7, 37, 6, 0, 51, 46, 33, 45
10, 17, 49, 20, 6, 36, 44, 4
9, 14, 31, 9, 5, 8, 36, 51
5, 7, 31, 30, 18, 9, 50, 26
6, 16, 3, 50, 37, 34, 10, 24
8, 41, 19, 42, 31, 4, 35, 0
10, 51, 39, 2, 36, 38, 6, 12
6, 34, 2, 30, 22, 16, 14, 3
8, 51, 14, 50, 39, 44, 7, 45
9, 3, 16, 26, 48, 45, 2, 20
6, 48, 5, 12, 3, 41, 20, 9
10, 13, 32, 33, 47, 36, 38, 44
6, 51, 4, 17, 46, 35, 27, 47
4, 35, 8, 43, 18, 47, 50, 32
3, 34, 39, 7, 21, 13, 37, 44
6, 4, 33, 26, 30, 11, 24, 46
5, 7, 31, 49, 11, 45, 24, 14
5, 19, 40, 42, 44, 35, 0, 20
6, 28, 25, 8, 20, 47, 27, 44
5, 51, 43, 5, 7, 45, 17, 0
3, 22, 14, 51, 7, 20, 23, 6
6, 33, 18, 9, 24, 1, 49, 26
8, 50, 10, 18, 16, 0, 27, 40
10, 40, 15, 21, 31, 48, 20, 5
7, 10, 49, 5, 30, 51, 2, 38
7, 48, 45, 37, 40, 3, 7, 49
4, 3, 6, 51, 5, 48, 47, 15
3, 38, 9, 20, 28, 21, 41, 35
3, 36, 47, 41, 39, 2, 21, 38
10, 46, 20, 51, 7, 45, 17, 8
9, 32, 15, 29, 12, 47, 11, 40
9, 39, 43, 10, 42, 41, 6, 51
5, 42, 34, 17, 43, 4, 28, 22
7, 13, 23, 41, 29, 18, 44, 4
3, 28, 0, 17, 7, 22, 13, 23
6, 16, 29, 34, 51, 19, 13, 43
5, 35, 47, 28, 13, 17, 49, 12
8, 24, 3, 51, 40, 17, 29, 10
8, 35, 25, 29, 4, 7, 10, 26
8, 44, 5, 16, 4, 23, 22, 41
6, 6, 5, 22, 12, 50, 32, 17
8, 7, 42, 34, 24, 49, 27, 33
7, 47, 38, 19, 48, 8, 42, 6
2, 46, 18, 31, 34, 6, 27, 39
8, 33, 37, 20, 40, 11, 21, 1
7, 11, 46, 16, 38, 14, 42, 27
5, 39, 9, 16, 11, 51, 10, 6
9, 7, 18, 40, 37, 27, 22, 48
10, 22, 38, 11, 18, 14, 1, 26
9, 39, 38, 2, 16, 3, 30, 46
5, 36, 8, 21, 11, 24, 38, 46
8, 46, 28, 33, 40, 3, 12, 2
7, 14, 47, 6, 26, 3, 42, 28
5, 2, 9, 50, 24, 20, 12, 13
10, 18, 35, 43, 44, 7, 46, 36
8, 4, 2, 21, 19, 1, 18, 48
3, 47, 27, 9, 16, 46, 20, 39
7, 42, 9, 34, 20, 32, 3, 24
10, 14, 31, 45, 39, 21, 35, 46
6, 46, 8, 3, 30, 42, 49, 20
7, 0, 26, 14, 15, 16, 44, 22
9, 25, 34, 21, 2, 8, 26, 23
8, 6, 19, 14, 33, 3, 35, 5
7, 28, 5, 12, 9, 10, 2, 51
4, 1, 11, 37, 7, 20, 38, 30
3, 14, 2, 3, 34, 6, 32, 45
10, 6, 32, 26, 51, 48, 27, 10
10, 36, 37, 14, 20, 9, 35, 22
3, 26, 13, 22, 0, 34, 20, 18
10, 0, 12, 11, 17, 41, 31, 21
5, 10, 50, 37, 51, 41, 1, 14
5, 46, 35, 20, 31, 6, 28, 14
7, 23, 9, 1, 29, 10, 11, 22
4, 41, 14, 5, 11, 35, 8, 7
5, 28, 34, 12, 26, 46, 32, 42
9, 26, 1, 38, 39, 41, 11, 32
7, 28, 2, 22, 36, 0, 25, 23
9, 25, 45, 31, 38, 10, 46, 47
7, 25, 44, 14, 12, 51, 11, 0
9, 4, 40, 19, 45, 47, 49, 10
10, 35, 7, 19, 38, 47, 5, 44
5, 12, 0, 32, 14, 46, 30, 34
3, 25, 12, 37, 26, 20, 11, 45
10, 26, 29, 46, 0, 20, 38, 28
7, 31, 16, 17, 8, 12, 14, 30
2, 11, 34, 22, 40, 32, 7, 33
10, 0, 49, 10, 38, 39, 12, 37
9, 5, 23, 4, 32, 7, 18, 1
9, 13, 5, 38, 46, 14, 29, 43
9, 45, 24, 6, 46, 8, 19, 44
3, 13, 45, 47, 31, 23, 41, 17
2, 41, 50, 7, 15, 35, 8, 47
2, 40, 47, 4, 45, 37, 3, 34
8, 15, 7, 23, 28, 24, 46, 22
8, 33, 5, 14, 26, 0, 18, 23
4, 6, 29, 16, 10, 47, 43, 38
2, 4, 20, 51, 17, 27, 26, 28
9, 7, 15, 47, 4, 42, 21, 50
4, 18, 42, 13, 37, 22, 23, 17
8, 4, 13, 41, 16, 30, 37, 46
3, 18, 45, 9, 43, 32, 3, 38
4, 18, 17, 12, 14, 19, 21, 33
7, 45, 2, 49, 18, 10, 22, 32
8, 33, 26, 45, 31, 47, 30, 14
10, 13, 8, 31, 32, 25, 50, 27
6, 3, 5, 39, 7, 31, 34, 16
2, 23, 51, 33, 17, 13, 6, 24
4, 7, 49, 22, 39, 18, 35, 44
3, 37, 24, 29, 48, 11, 8, 49
2, 51, 48, 38, 7, 15, 19, 13
10, 8, 2, 46, 34, 49, 5, 45
7, 20, 18, 37, 15, 35, 10, 23
6, 51, 23, 18, 28, 26, 49, 40
3, 2, 11, 18, 26, 40, 4, 13
2, 43, 20, 46, 14, 11, 2, 27
2, 3, 26, 22, 1, 15, 19, 34
2, 47, 48, 28, 15, 31, 30, 9
2, 46, 47, 15, 49, 1, 9, 13
8, 45, 16, 31, 40, 21, 32, 8
5, 9, 40, 34, 49, 12, 8, 50
9, 9, 6, 34, 18, 50, 29, 44
6, 1, 44, 7, 51, 26, 47, 37
8, 45, 2, 0, 49, 13, 9, 36
9, 19, 0, 31, 15, 28, 6, 29
10, 48, 16, 45, 15, 12, 38, 42
6, 2, 50, 5, 23, 27, 19, 17
10, 12, 18, 41, 43, 0, 25, 36
6, 12, 7, 46, 22, 47, 31, 10
7, 48, 14, 6, 12, 22, 17, 43
9, 1, 10, 11, 32, 28, 9, 18
6, 47, 40, 33, 44, 25, 42, 1
4, 10, 39, 43, 6, 18, 23, 34
2, 11, 2, 40, 43, 8, 4, 35
2, 16, 32, 33, 29, 20, 30, 23
10, 29, 41, 47, 36, 16, 18, 39
8, 3, 47, 9, 42, 38, 21, 35
5, 13, 47, 30, 5, 36, 32, 44
4, 38, 46, 33, 36, 15, 19, 24
8, 1, 45, 32, 8, 13, 7, 3
3, 21, 13, 18, 43, 15, 42, 46
6, 10, 33, 13, 46, 29, 26, 49
8, 9, 39, 6, 32, 30, 8, 1
9, 14, 46, 29, 37, 1, 27, 5
3, 17, 42, 3, 43, 41, 36, 31
4, 45, 14, 3, 8, 50, 49, 40
4, 13, 10, 21, 45, 11, 46, 2
7, 26, 38, 17, 10, 30, 29, 7
4, 1, 40, 46, 23, 15, 49, 44
5, 34, 25, 20, 15, 19, 1, 28
6, 30, 43, 1, 51, 44, 3, 9
9, 46, 45, 11, 14, 12, 27, 17
8, 25, 23, 5, 7, 12, 14, 46
7, 21, 13, 48, 26, 12, 22, 0
6, 51, 16, 39, 7, 44, 36, 5
2, 38, 44, 10, 25, 34, 14, 20
7, 3, 7, 15, 26, 12, 6, 17
3, 17, 36, 35, 0, 28, 18, 46
9, 37, 35, 42, 47, 5, 32, 2
5, 6, 26, 21, 42, 1, 15, 45
6, 12, 45, 24, 43, 6, 42, 46
4, 11, 36, 31, 13, 20, 14, 47
4, 6, 26, 12, 37, 42, 46, 22
3, 15, 51, 28, 50, 46, 2, 3
8, 21, 46, 16, 10, 27, 4, 15
4, 9, 4, 44, 23, 40, 3, 50
7, 16, 6, 5, 35, 11, 29, 7
5, 39, 31, 36, 12, 5, 18, 21
5, 51, 45, 13, 20, 11, 41, 48
3, 13, 42, 47, 5, 8, 38, 30
7, 34, 35, 18, 44, 12, 20, 19
2, 7, 11, 38, 46, 9, 36, 45
3, 35, 50, 21, 47, 49, 34, 7
7, 11, 35, 15, 7, 43, 16, 42
2, 36, 34, 50, 19, 29, 21, 13
8, 24, 46, 13, 40, 33, 15, 16
2, 33, 38, 29, 16, 35, 22, 48
4, 42, 6, 41, 15, 49, 9, 17
9, 20, 28, 13, 0, 35, 16, 30
6, 37, 32, 38, 3, 26, 33, 44
9, 47, 38, 1, 36, 9, 33, 7
5, 16, 5, 48, 30, 18, 41, 12
9, 48, 43, 10, 13, 15, 5, 47
3, 22, 39, 35, 1, 0, 23, 29
6, 37, 47, 49, 46, 48, 1, 14
4, 18, 11, 21, 43, 4, 17, 39
3, 2, 38, 10, 4, 24, 14, 41
7, 41, 18, 8, 44, 30, 13, 20
5, 36, 43, 48, 27, 11, 17, 44
4, 10, 44, 15, 12, 4, 45, 18
8, 10, 42, 16, 9, 45, 48, 12
3, 22, 50, 8, 5, 46, 42, 3
8, 43, 15, 28, 29, 2, 49, 23
9, 22, 24, 50, 43, 25, 41, 21
10, 20, 12, 45, 18, 5, 21, 34
7, 39, 28, 21, 17, 13, 12, 3
2, 24, 48, 37, 28, 14, 4, 18
7, 7, 32, 1, 31, 27, 3, 9
8, 12, 51, 25, 2, 47, 36, 37
4, 31, 42, 33, 43, 30, 17, 18
6, 42, 27, 5, 6, 16, 37, 25
8, 39, 8, 20, 5, 28, 31, 10
9, 13, 15, 27, 21, 19, 12, 23
2, 18, 15, 10, 20, 7, 42, 46
5, 46, 41, 10, 49, 24, 36, 5
6, 41, 4, 39, 13, 0, 45, 42
5, 47, 15, 27, 26, 48, 6, 50
8, 40, 29, 28, 8, 37, 35, 26
7, 34, 1, 48, 38, 46, 29, 23
10, 13, 31, 17, 2, 0, 8, 25
2, 41, 35, 21, 31, 1, 16, 13
8, 42, 17, 11, 34, 15, 8, 2
4, 39, 3, 34, 21, 44, 42, 37
5, 24, 42, 23, 46, 10, 8, 36
2, 39, 40, 45, 13, 47, 6, 43
7, 3, 51, 18, 35, 42, 34, 33
6, 0, 17, 36, 28, 27, 29, 2
2, 15, 13, 31, 17, 3, 32, 49
8, 46, 16, 13, 11, 4, 15, 26
10, 17, 31, 33, 50, 2, 51, 11
6, 14, 12, 4, 15, 46, 41, 17
3, 1, 34, 16, 12, 27, 48, 33
7, 34, 20, 22, 21, 17, 23, 48
5, 48, 17, 43, 13, 24, 25, 51
8, 40, 2, 43, 25, 26, 5, 48
6, 23, 31, 35, 42, 22, 18, 20
6, 29, 6, 37, 40, 32, 15, 25
10, 48, 28, 16, 14, 40, 45, 6
2, 11, 35, 24, 6, 34, 5, 7
3, 3, 9, 6, 26, 46, 30, 48
2, 24, 27, 6, 14, 49, 32, 37
8, 27, 9, 39, 28, 22, 41, 21
8, 4, 17, 8, 38, 33, 43, 2
7, 14, 46, 47, 23, 25, 11, 36
10, 21, 18, 14, 35, 41, 25, 11
8, 9, 5, 51, 1, 21, 42, 30
9, 12, 21, 36, 5, 45, 47, 39
3, 8, 29, 28, 16, 38, 48, 15
6, 19, 7, 36, 27, 24, 15, 47
9, 4, 17, 26, 18, 16, 2, 19
2, 24, 16, 30, 14, 46, 27, 15
2, 14, 18, 42, 43, 44, 34, 3
7, 9, 7, 33, 18, 15, 32, 35
3, 28, 36, 9, 27, 22, 17, 46
2, 44, 6, 21, 7, 9, 28, 48
2, 8, 49, 19, 23, 34, 0, 32
4, 26, 13, 40, 35, 7, 49, 36
10, 29, 11, 5, 39, 17, 0, 51
5, 18, 25, 1, 37, 24, 47, 13
7, 44, 24, 32, 20, 10, 8, 33
10, 37, 36, 10, 11, 6, 7, 33
5, 25, 8, 18, 14, 43, 39, 46
2, 0, 24, 29, 9, 45, 51, 10
4, 18, 1, 17, 10, 39, 47, 42
7, 19, 38, 11, 47, 16, 35, 36
8, 28, 26, 33, 12, 29, 49, 45
3, 47, 28, 45, 10, 50, 12, 3
10, 11, 21, 0, 16, 8, 41, 7
4, 51, 9, 45, 13, 2, 18, 40
7, 42, 28, 47, 49, 23, 7, 32
5, 34, 3, 15, 20, 8, 32, 5
8, 0, 7, 27, 11, 17, 50, 2
8, 3, 39, 21, 22, 38, 0, 1
2, 3, 4, 19, 22, 11, 2, 43
2, 24, 40, 37, 28, 8, 50, 42
6, 32, 6, 4, 46, 50, 20, 23
2, 10, 45, 4, 39, 31, 12, 30
4, 37, 33, 14, 26, 47, 27, 3
9, 45, 33, 24, 9, 36, 41, 14
3, 5, 6, 3, 46, 0, 26, 1
6, 27, 50, 31, 22, 41, 15, 37
6, 1, 13, 44, 27, 2, 20, 14
7, 20, 25, 19, 27, 50, 2, 6
7, 5, 23, 35, 43, 16, 51, 29
2, 25, 22, 11, 40, 32, 47, 34
5, 47, 29, 14, 22, 21, 2, 45
7, 21, 9, 11, 41, 16, 48, 8
4, 39, 50, 12, 44, 41, 23, 18
6, 3, 42, 24, 46, 13, 41, 17
2, 13, 37, 33, 10, 14, 15, 40
6, 44, 3, 33, 16, 20, 51, 50
4, 39, 30, 47, 46, 29, 18, 13
5, 7, 39, 29, 20, 16, 9, 25
5, 32, 13, 37, 21, 40, 5, 2
10, 17, 30, 14, 0, 15, 27, 22
5, 50, 39, 4, 35, 1, 19, 44
10, 7, 35, 46, 29, 41, 33, 2
3, 30, 39, 3, 43, 42, 11, 16
8, 20, 51, 37, 35, 17, 25, 8
3, 21, 41, 6, 19, 1, 22, 49
9, 9, 51, 43, 17, 30, 23, 10
2, 43, 22, 34, 31, 12, 26, 5
3, 44, 17, 4, 45, 36, 6, 38
8, 6, 2, 17, 51, 15, 48, 16
8, 31, 33, 20, 0, 8, 23, 50
6, 7, 51, 2, 35, 45, 24, 23
2, 32, 44, 29, 23, 47, 11, 6
7, 47, 51, 50, 27, 0, 7, 48
9, 30, 35, 38, 31, 21, 46, 19
10, 29, 19, 44, 41, 18, 32, 11
4, 7, 47, 28, 19, 34, 32, 27
3, 41, 9, 27, 1, 30, 0, 5
10, 49, 6, 9, 43, 31, 7, 33
9, 42, 6, 25, 3, 5, 31, 35
9, 3, 40, 29, 0, 48, 23, 47
5, 0, 14, 25, 35, 9, 19, 13
10, 8, 48, 20, 36, 10, 47, 24
7, 46, 49, 41, 36, 38, 30, 6
5, 9, 4, 45, 46, 8, 41, 5
9, 18, 16, 29, 38, 20, 10, 6
3, 27, 17, 13, 41, 43, 29, 36
7, 37, 6, 15, 49, 36, 48, 41
3, 4, 16, 32, 24, 15, 5, 11
9, 9, 33, 21, 8, 3, 10, 37
7, 8, 23, 36, 3, 19, 42, 38
4, 15, 35, 14, 40, 16, 41, 23
2, 27, 50, 30, 33, 5, 16, 32
3, 40, 5, 23, 43, 16, 24, 14
7, 22, 44, 45, 25, 21, 41, 3
9, 46, 15, 16, 48, 30, 49, 51
4, 45, 51, 22, 43, 26, 35, 3
4, 5, 12, 50, 49, 32, 27, 10
10, 25, 15, 0, 33, 1, 51, 10
10, 20, 46, 12, 23, 34, 41, 30
3, 45, 50, 9, 51, 6, 38, 23
3, 11, 23, 8, 6, 15, 2, 18
2, 6, 8, 49, 2, 37, 31, 9
5, 27, 14, 44, 24, 25, 6, 20
3, 29, 18, 11, 12, 27, 38, 17
10, 19, 49, 28, 46, 50, 34, 42
9, 41, 8, 10, 4, 39, 34, 15
10, 48, 9, 43, 5, 34, 1, 45
9, 29, 27, 11, 46, 23, 44, 5
6, 41, 6, 8, 11, 34, 46, 45
9, 35, 39, 10, 29, 22, 4, 40
7, 50, 51, 28, 25, 43, 36, 3
9, 46, 48, 25, 15, 26, 38, 17
3, 7, 1, 27, 18, 22, 24, 26
7, 10, 1, 26, 2, 24, 6, 45
3, 44, 49, 19, 36, 2, 26, 12
6, 36, 41, 48, 42, 32, 4, 21
10, 26, 3, 23, 38, 48, 44, 22
5, 40, 46, 7, 2, 28, 3, 6
9, 40, 1, 14, 43, 21, 33, 37
2, 41, 39, 0, 32, 42, 43, 10
7, 6, 23, 5, 8, 25, 11, 50
5, 5, 31, 18, 27, 8, 14, 50
5, 47, 3, 38, 46, 2, 27, 6
2, 14, 34, 8, 5, 48, 32, 15
8, 18, 3, 19, 15, 37, 25, 21
3, 34, 27, 6, 49, 48, 22, 45
4, 40, 35, 47, 27, 42, 51, 34
7, 27, 6, 3, 15, 41, 17, 9
5, 51, 14, 45, 22, 0, 21, 38
9, 48, 16, 29, 2, 19, 22, 43
3, 15, 38, 11, 29, 4, 31, 48
2, 17, 38, 49, 26, 5, 7, 0
9, 3, 40, 50, 41, 9, 38, 32
10, 2, 16, 43, 27, 6, 13, 39
8, 3, 6, 30, 43, 33, 34, 18
3, 15, 6, 33, 50, 21, 10, 29
7, 35, 11, 22, 50, 9, 47, 17
7, 14, 38, 4, 47, 45, 15, 2
4, 23, 12, 26, 39, 11, 14, 31
3, 43, 12, 47, 44, 42, 33, 50
4, 22, 36, 30, 20, 44, 32, 19
4, 45, 29, 21, 1, 28, 27, 37
8, 4, 10, 20, 31, 47, 48, 22
8, 13, 49, 6, 18, 51, 36, 22
9, 7, 26, 5, 13, 14, 44, 48
9, 30, 31, 24, 26, 44, 36, 5
6, 14, 27, 16, 34, 49, 23, 29
10, 27, 45, 14, 31, 1, 21, 37
7, 15, 45, 43, 31, 22, 23, 21
2, 10, 41, 30, 25, 45, 13, 19
5, 28, 11, 39, 1, 50, 32, 48
10, 37, 26, 23, 36, 45, 40, 14
9, 9, 29, 37, 13, 23, 47, 49
2, 30, 13, 23, 20, 38, 22, 34
4, 49, 20, 51, 41, 35, 13, 19
4, 27, 34, 3, 21, 18, 0, 26
10, 40, 21, 47, 13, 24, 29, 12
6, 25, 38, 26, 16, 6, 40, 47
5, 23, 10, 38, 39, 22, 12, 8
9, 5, 14, 20, 42, 47, 51, 15
6, 32, 11, 33, 8, 39, 31, 10
7, 3, 18, 8, 9, 34, 21, 33
5, 12, 42, 50, 0, 32, 40, 3
6, 32, 19, 1, 45, 29, 51, 28
3, 31, 30, 27, 42, 21, 47, 17
3, 3, 7, 16, 41, 24, 47, 27
3, 35, 39, 11, 2, 25, 31, 12
5, 41, 23, 26, 13, 40, 6, 28
5, 1, 26, 49, 46, 35, 13, 20
2, 11, 2, 42, 16, 33, 12, 31
3, 38, 44, 47, 10, 22, 16, 4
10, 15, 3, 9, 33, 30, 21, 0
6, 32, 18, 29, 21, 22, 14, 38
5, 15, 42, 25, 45, 21, 18, 9
5, 23, 21, 13, 9, 41, 11, 34
3, 15, 48, 19, 41, 32, 13, 37
10, 15, 12, 23, 17, 20, 50, 2
9, 22, 50, 31, 19, 5, 41, 1
9, 21, 5, 16, 18, 8, 38, 17
9, 36, 49, 5, 8, 11, 32, 24
8, 31, 41, 40, 38, 37, 24, 14
10, 38, 48, 13, 28, 17, 2, 45
4, 21, 3, 32, 51, 23, 8, 0
5, 26, 32, 14, 29, 40, 35, 3
5, 12, 35, 28, 3, 33, 25, 31
5, 36, 8, 22, 21, 14, 27, 34
4, 9, 30, 1, 36, 27, 31, 48
8, 47, 25, 17, 32, 4, 42, 33
9, 18, 46, 20, 6, 0, 45, 31
3, 48, 42, 0, 20, 1, 7, 39
3, 49, 4, 21, 38, 8, 27, 47
7, 18, 16, 14, 38, 17, 46, 47
10, 26, 14, 40, 25, 7, 6, 12
9, 24, 32, 38, 34, 13, 37, 14
6, 45, 22, 34, 51, 30, 13, 8
6, 18, 31, 9, 1, 0, 2, 4
4, 19, 4, 13, 30, 48, 41, 6
5, 44, 26, 23, 2, 1, 36, 47
2, 9, 47, 41, 31, 3, 33, 2
10, 7, 38, 48, 46, 34, 32, 35
6, 43, 37, 38, 0, 42, 33, 3
4, 36, 39, 10, 49, 15, 44, 33
8, 41, 37, 0, 12, 46, 32, 15
6, 1, 48, 19, 22, 45, 51, 39
6, 40, 2, 22, 16, 46, 4, 25
2, 0, 37, 10, 43, 28, 33, 22
9, 18, 20, 14, 16, 43, 46, 8
8, 22, 6, 2, 21, 43, 4, 32
3, 33, 31, 7, 12, 51, 28, 26
10, 40, 15, 34, 12, 13, 24, 32
9, 26, 2, 43, 42, 25, 5, 19
7, 24, 15, 48, 5, 16, 46, 51
5, 20, 25, 5, 4, 1, 26, 7
10, 23, 26, 9, 25, 27, 35, 19
4, 19, 16, 2, 24, 25, 32, 26
9, 19, 45, 23, 35, 30, 15, 27
6, 40, 5, 41, 1, 14, 37, 20
4, 51, 21, 34, 17, 25, 14, 38
4, 40, 0, 21, 24, 47, 18, 45
7, 16, 10, 9, 43, 47, 50, 49
2, 12, 31, 11, 37, 7, 40, 5
3, 45, 11, 5, 39, 25, 10, 31
5, 0, 18, 15, 39, 31, 24, 42
6, 23, 42, 24, 18, 8, 29, 51
10, 10, 21, 26, 9, 19, 2, 32
10, 36, 37, 33, 42, 25, 47, 29
6, 10, 48, 4, 1, 0, 49, 33
8, 23, 33, 19, 21, 25, 48, 6
6, 19, 51, 13, 28, 1, 6, 34
4, 18, 39, 29, 32, 45, 21, 51
8, 49, 6, 8, 33, 2, 1, 9
7, 34, 9, 29, 0, 33, 11, 19
6, 49, 8, 28, 35, 30, 20, 42
2, 15, 2, 20, 12, 50, 22, 34
6, 43, 44, 3, 1, 26, 6, 8
8, 23, 15, 29, 36, 6, 9, 19
8, 19, 25, 37, 31, 15, 26, 9
4, 10, 35, 7, 12, 39, 49, 31
8, 38, 33, 29, 24, 31, 3, 42
4, 49, 5, 6, 21, 43, 17, 20
2, 28, 30, 46, 22, 33, 41, 10
5, 44, 18, 13, 25, 11, 19, 50
3, 51, 33, 24, 16, 48, 13, 28
5, 8, 32, 51, 3, 29, 17, 40
9, 39, 17, 43, 34, 14, 19, 25
3, 2, 40, 47, 4, 20, 0, 29
9, 25, 51, 29, 30, 6, 44, 42
2, 40, 43, 31, 24, 49, 18, 38
8, 31, 33, 23, 4, 5, 41, 8
7, 22, 50, 18, 6, 14, 17, 34
3, 46, 18, 16, 31, 32, 30, 28
4, 47, 34, 2, 22, 25, 50, 17
2, 3, 27, 26, 41, 10, 37, 50
10, 14, 42, 6, 51, 26, 35, 10
2, 20, 17, 0, 4, 1, 19, 7
5, 11, 41, 25, 16, 6, 1, 19
10, 24, 33, 14, 42, 47, 49, 15
4, 12, 7, 36, 44, 16, 9, 18
2, 24, 47, 16, 31, 36, 30, 50
7, 38, 39, 47, 12, 8, 6, 19
9, 28, 6, 4, 25, 5, 0, 12
4, 40, 6, 27, 31, 4, 47, 14
4, 6, 38, 46, 44, 51, 47, 12
5, 48, 28, 12, 20, 23, 40, 3
8, 47, 42, 46, 43, 31, 20, 17
7, 42, 3, 9, 19, 46, 33, 0
4, 21, 12, 28, 1, 24, 33, 27
3, 12, 29, 43, 47, 46, 3, 48
8, 28, 23, 2, 35, 47, 49, 40
2, 40, 1, 2, 39, 47, 8, 42
4, 33, 34, 11, 43, 30, 41, 6
10, 35, 23, 42, 49, 15, 3, 43
3, 29, 6, 17, 10, 22, 51, 2
3, 46, 51, 38, 23, 11, 36, 5
10, 24, 48, 47, 6, 36, 3, 44
3, 40, 25, 49, 43, 27, 16, 48
2, 5, 4, 16, 43, 17, 50, 25
7, 30, 48, 6, 47, 39, 20, 32
10, 35, 2, 45, 19, 20, 5, 4
3, 50, 46, 22, 12, 35, 31, 19
6, 4, 14, 36, 18, 2, 24, 30
2, 18, 34, 12, 14, 16, 32, 39
7, 6, 37, 2, 16, 47, 23, 10
7, 30, 5, 17, 14, 6, 1, 48
10, 30, 26, 47, 4, 38, 49, 25
6, 11, 42, 12, 28, 4, 7, 3
3, 10, 19, 50, 27, 49, 0, 51
9, 39, 28, 31, 3, 22, 25, 21
8, 36, 15, 49, 16, 1, 19, 39
9, 39, 16, 2, 49, 46, 35, 11
2, 19, 30, 49, 22, 28, 39, 24
6, 6, 40, 2, 33, 18, 48, 49
8, 35, 20, 22, 8, 2, 21, 41
3, 23, 43, 4, 5, 27, 49, 39
7, 48, 22, 40, 45, 24, 51, 38
5, 0, 39, 8, 37, 16, 10, 13
7, 36, 17, 18, 2, 35, 0, 8
5, 24, 21, 35, 11, 49, 34, 0
4, 19, 51, 15, 0, 7, 35, 46
4, 43, 33, 0, 11, 15, 51, 41
9, 25, 0, 32, 42, 2, 34, 7
8, 1, 15, 47, 36, 44, 41, 33
9, 34, 30, 44, 21, 2, 14, 12
2, 39, 43, 30, 32, 20, 23, 21
3, 30, 26, 20, 15, 44, 45, 24
5, 15, 38, 11, 36, 30, 6, 2
5, 7, 22, 34, 29, 16, 5, 41
2, 30, 38, 51, 7, 22, 47, 24
7, 49, 40, 19, 36, 29, 34, 21
9, 7, 28, 16, 49, 46, 14, 32
5, 0, 38, 36, 26, 34, 27, 14
9, 26, 44, 15, 39, 5, 32, 0
9, 23, 50, 13, 36, 17, 27, 1
10, 46, 45, 29, 48, 37, 39, 7
5, 48, 44, 41, 42, 33, 49, 21
2, 11, 7, 16, 38, 28, 19, 27
4, 32, 24, 41, 22, 14, 31, 4
8, 35, 37, 50, 17, 8, 43, 20
10, 12, 16, 38, 35, 51, 11, 22
8, 30, 9, 50, 28, 24, 47, 14
9, 5, 0, 21, 2, 39, 26, 17
6, 9, 21, 28, 3, 18, 30, 45
3, 43, 38, 9, 12, 31, 5, 45
7, 24, 29, 8, 5, 31, 45, 35
4, 16, 29, 49, 26, 13, 2, 3
9, 50, 44, 28, 42, 5, 8, 27
7, 41, 22, 2, 18, 4, 25, 16
6, 30, 51, 9, 5, 35, 41, 31
4, 42, 16, 38, 3, 32, 34, 7
8, 21, 0, 15, 41, 24, 31, 45
5, 9, 41, 40, 15, 50, 28, 23
7, 3, 1, 22, 6, 11, 47, 30
8, 29, 43, 32, 20, 14, 41, 45
7, 32, 5, 47, 4, 37, 7, 24
8, 10, 23, 35, 47, 50, 17, 46
4, 45, 4, 42, 34, 37, 36, 35
7, 17, 21, 24, 36, 30, 42, 13
3, 32, 16, 6, 19, 48, 10, 41
5, 43, 6, 49, 1, 19, 50, 30
3, 6, 34, 14, 3, 20, 35, 19
7, 41, 23, 15, 12, 36, 26, 43
8, 41, 17, 31, 15, 13, 38, 32
2, 4, 50, 39, 42, 6, 34, 29
8, 7, 30, 13, 5, 45, 26, 6
7, 47, 14, 13, 20, 35, 10, 25
8, 40, 9, 49, 6, 37, 0, 43
9, 32, 36, 15, 40, 29, 39, 51
10, 47, 36, 12, 0, 40, 16, 38
10, 39, 20, 10, 29, 3, 19, 23
2, 25, 50, 39, 47, 11, 17, 14
5, 45, 46, 29, 39, 34, 23, 15
6, 13, 28, 35, 32, 12, 41, 7
3, 33, 2, 0, 43, 13, 18, 14
7, 10, 22, 32, 9, 0, 4, 36
6, 21, 26, 28, 37, 25, 48, 8
6, 27, 42, 29, 20, 41, 15, 51
5, 41, 24, 21, 27, 51, 46, 11
3, 31, 36, 28, 26, 38, 34, 44
8, 46, 0, 18, 45, 47, 22, 51
9, 33, 12, 29, 18, 39, 42, 13
6, 2, 26, 50, 29, 12, 45, 7
6, 29, 32, 34, 3, 45, 2, 40
3, 40, 17, 39, 28, 47, 48, 46
7, 24, 25, 28, 39, 17, 44, 26
3, 38, 41, 46, 49, 23, 22, 26
7, 23, 22, 43, 21, 5, 49, 25
5, 12, 35, 16, 32, 28, 43, 10
9, 4, 9, 6, 16, 48, 50, 0
6, 51, 43, 35, 33, 24, 1, 0
3, 40, 15, 7, 6, 19, 12, 20
10, 18, 16, 38, 32, 9, 5, 23
3, 41, 32, 35, 22, 45, 27, 48
8, 22, 2, 38, 32, 42, 14, 41
8, 21, 51, 46, 27, 47, 24, 50
3, 43, 35, 26, 32, 11, 2, 0
6, 51, 4, 43, 17, 3, 21, 26
3, 40, 6, 51, 15, 10, 14, 45
10, 23, 30, 4, 25, 27, 28, 47
3, 35, 11, 43, 27, 32, 16, 5
4, 3, 47, 49, 4, 50, 17, 8
8, 17, 36, 10, 7, 13, 0, 48
7, 49, 39, 41, 50, 15, 30, 0
4, 48, 24, 11, 12, 25, 27, 47
7, 38, 31, 24, 23, 22, 18, 7
2, 4, 26, 46, 47, 37, 24, 35
9, 40, 37, 5, 24, 9, 49, 31
10, 40, 3, 10, 38, 24, 33, 39
4, 26, 19, 39, 37, 33, 16, 32
2, 46, 20, 47, 8, 32, 9, 3
3, 2, 32, 23, 12, 9, 33, 4
8, 16, 29, 9, 27, 47, 43, 42
6, 40, 34, 27, 14, 31, 50, 47
3, 5, 25, 0, 34, 11, 1, 44
9, 2, 33, 47, 46, 11, 26, 5
7, 8, 30, 32, 10, 2, 6, 5
5, 16, 3, 23, 18, 35, 41, 24
5, 9, 30, 25, 28, 0, 8, 31
3, 12, 46, 5, 33, 49, 0, 9
9, 7, 45, 41, 36, 30, 23, 31
6, 37, 0, 9, 10, 30, 32, 29
10, 39, 23, 41, 5, 49, 29, 28
10, 27, 26, 13, 37, 29, 25, 28
9, 35, 24, 13, 5, 44, 7, 4
2, 13, 23, 40, 32, 1, 45, 17
6, 17, 37, 24, 7, 51, 12, 49
2, 40, 8, 6, 13, 21, 24, 11
9, 15, 17, 14, 20, 24, 5, 29
8, 48, 32, 3, 50, 37, 42, 2
9, 41, 31, 49, 2, 8, 4, 22
8, 19, 3, 24, 0, 17, 35, 49
4, 37, 47, 19, 31, 26, 13, 14
5, 27, 31, 0, 22, 13, 3, 21
5, 35, 0, 12, 24, 26, 30, 11
3, 15, 34, 47, 36, 9, 31, 6
9, 36, 41, 33, 28, 43, 32, 7
3, 36, 30, 5, 43, 12, 51, 25
5, 20, 49, 41, 23, 48, 16, 43
6, 11, 8, 22, 48, 19, 51, 9
10, 33, 44, 24, 39, 28, 17, 49
10, 0, 44, 18, 11, 26, 31, 23
5, 5, 28, 7, 48, 50, 32, 15
8, 23, 29, 16, 3, 7, 26, 31
7, 25, 23, 17, 10, 14, 35, 51
7, 11, 36, 44, 10, 45, 20, 26
4, 9, 17, 30, 12, 27, 0, 2
3, 9, 51, 26, 48, 35, 36, 1
6, 21, 6, 31, 37, 38, 7, 49
8, 50, 45, 1, 37, 19, 26, 21
7, 49, 16, 9, 31, 48, 27, 38
2, 38, 5, 49, 36, 0, 17, 24
10, 48, 28, 12, 34, 7, 41, 6
7, 45, 51, 27, 21, 40, 12, 16
9, 38, 3, 42, 12, 31, 20, 34
9, 41, 18, 33, 22, 21, 23, 46
8, 2, 0, 13, 20, 1, 25, 8
7, 51, 7, 35, 21, 13, 0, 26
10, 22, 1, 18, 36, 6, 5, 51
9, 41, 21, 35, 42, 11, 15, 47
7, 35, 6, 9, 22, 45, 48, 0
2, 43, 36, 49, 21, 28, 13, 15
10, 37, 8, 10, 19, 43, 41, 29
5, 47, 33, 4, 49, 13, 14, 28
2, 39, 6, 41, 31, 47, 9, 22
2, 23, 46, 30, 0, 26, 17, 39
8, 18, 41, 42, 43, 48, 29, 36
2, 6, 51, 0, 22, 5, 20, 21
10, 47, 33, 8, 45, 20, 25, 11
8, 42, 41, 22, 36, 18, 43, 45
9, 1, 51, 4, 39, 46, 15, 23
2, 2, 43, 9, 39, 11, 25, 26
7, 22, 14, 12, 9, 48, 6, 20
6, 39, 46, 22, 37, 21, 1, 51
4, 33, 24, 15, 26, 3, 28, 0
8, 27, 36, 9, 47, 34, 40, 28
6, 34, 6, 31, 9, 28, 17, 3
5, 17, 35, 27, 42, 43, 49, 22
6, 32, 29, 7, 26, 12, 14, 37
6, 12, 17, 46, 10, 48, 16, 34
3, 40, 41, 4, 5, 10, 48, 28
8, 27, 2, 17, 51, 45, 22, 4
7, 21, 48, 6, 14, 39, 27, 11
8, 40, 8, 4, 3, 15, 14, 7
10, 20, 49, 16, 5, 11, 17, 38
8, 50, 39, 15, 51, 5, 27, 37
6, 42, 35, 26, 39, 2, 27, 37
2, 23, 5, 46, 17, 11, 8, 9
6, 22, 32, 49, 31, 1, 39, 10
8, 45, 5, 6, 19, 47, 13, 12
3, 50, 10, 29, 9, 17, 18, 43
4, 42, 51, 40, 24, 41, 34, 25
7, 44, 1, 31, 29, 9, 27, 20
4, 49, 16, 35, 20, 22, 48, 38
4, 31, 26, 34, 23, 10, 14, 35
2, 13, 33, 47, 21, 36, 45, 26
4, 43, 13, 3, 7, 19, 9, 51
9, 31, 9, 49, 28, 14, 33, 36
6, 25, 26, 51, 22, 27, 39, 33
2, 42, 15, 7, 36, 2, 21, 50
2, 50, 12, 2, 17, 9, 14, 43
4, 34, 45, 14, 39, 16, 7, 6
5, 22, 44, 34, 14, 3, 47, 49
4, 36, 46, 4, 32, 30, 26, 45
7, 37, 10, 45, 47, 29, 28, 5
10, 33, 21, 13, 18, 51, 15, 26
9, 7, 26, 41, 17, 30, 32, 48
9, 48, 14, 1, 51, 0, 37, 9
2, 10, 36, 35, 9, 26, 12, 42
9, 51, 50, 16, 37, 13, 18, 5
5, 48, 38, 16, 27, 5, 37, 46
3, 39, 16, 42, 0, 11, 51, 7
9, 40, 13, 29, 23, 6, 33, 4
4, 40, 5, 48, 1, 38, 14, 0
10, 16, 8, 30, 31, 45, 25, 17
6, 17, 51, 48, 23, 44, 7, 25
7, 47, 43, 36, 8, 10, 14, 6
4, 1, 6, 50, 2, 10, 8, 13
2, 23, 35, 27, 20, 47, 25, 34
3, 40, 17, 46, 21, 31, 22, 41
9, 31, 19, 20, 42, 47, 0, 1
2, 29, 10, 17, 21, 49, 8, 1
4, 41, 5, 35, 30, 0, 19, 48
5, 14, 5, 48, 51, 41, 0, 22
5, 9, 7, 19, 39, 31, 45, 43
2, 21, 44, 43, 22, 26, 9, 29
3, 1, 26, 44, 46, 42, 47, 5
6, 9, 26, 36, 21, 50, 30, 29
3, 41, 44, 1, 34, 48, 38, 9
2, 30, 43, 45, 20, 51, 8, 33
5, 19, 48, 46, 35, 7, 0, 27
8, 22, 48, 45, 3, 44, 7, 0
3, 29, 21, 10, 23, 38, 44, 20
4, 17, 14, 39, 18, 1, 49, 10
5, 10, 12, 33, 17, 27, 44, 38
8, 34, 23, 43, 2, 13, 30, 40
8, 30, 40, 47, 0, 48, 51, 14
6, 50, 22, 4, 40, 18, 24, 12
7, 16, 43, 51, 30, 25, 13, 20
5, 0, 2, 22, 19, 36, 38, 26
3, 26, 28, 6, 50, 9, 20, 12
4, 43, 29, 31, 33, 30, 41, 22
10, 21, 20, 31, 13, 10, 7, 39
3, 47, 42, 3, 40, 20, 11, 41
10, 37, 20, 41, 35, 18, 17, 12
9, 31, 29, 4, 12, 3, 11, 15
10, 32, 34, 19, 23, 21, 45, 17
3, 19, 33, 0, 42, 1, 7, 10
10, 2, 37, 24, 39, 18, 9, 47
6, 18, 6, 17, 7, 15, 31, 47
4, 1, 44, 34, 6, 23, 27, 9
2, 23, 34, 12, 22, 0, 47, 32
6, 37, 22, 51, 47, 32, 26, 21
10, 16, 33, 34, 6, 30, 46, 42
2, 40, 1, 47, 23, 48, 7, 30
3, 29, 30, 51, 27, 8, 4, 17
10, 49, 13, 11, 33, 20, 23, 32
3, 7, 5, 40, 31, 2, 22, 29
9, 21, 36, 46, 48, 20, 30, 32
10, 37, 35, 32, 6, 4, 12, 18
9, 46, 9, 38, 0, 3, 26, 37
6, 40, 4, 23, 19, 28, 11, 33
8, 34, 27, 29, 43, 25, 40, 23
3, 8, 42, 7, 25, 40, 46, 3
3, 28, 14, 35, 41, 49, 3, 10
7, 45, 20, 17, 35, 49, 33, 40
9, 29, 22, 43, 5, 36, 3, 11
5, 43, 20, 15, 25, 17, 41, 40
10, 20, 3, 47, 34, 33, 45, 25
8, 27, 51, 15, 45, 12, 23, 13
8, 12, 29, 43, 22, 19, 35, 21
6, 32, 4, 15, 45, 46, 22, 7
4, 22, 21, 24, 20, 16, 0, 40
8, 49, 42, 45, 26, 19, 47, 11
4, 9, 31, 14, 22, 10, 18, 32
6, 12, 17, 7, 18, 25, 1, 47
9, 43, 12, 51, 10, 22, 48, 19
10, 31, 34, 19, 12, 25, 42, 48
8, 20, 9, 8, 19, 18, 43, 48
5, 35, 36, 21, 49, 19, 44, 7
3, 3, 29, 1, 8, 51, 47, 49
7, 46, 17, 3, 6, 28, 2, 29
8, 49, 8, 25, 27, 16, 17, 38
5, 12, 42, 32, 35, 27, 29, 6
2, 3, 2, 23, 21, 17, 28, 33
4, 34, 15, 16, 25, 13, 17, 0
5, 16, 14, 4, 41, 48, 38, 18
9, 27, 4, 19, 23, 14, 51, 8
2, 36, 39, 48, 51, 24, 43, 13
3, 7, 43, 42, 5, 22, 27, 10
2, 42, 43, 11, 39, 34, 9, 23
10, 26, 30, 3, 42, 51, 7, 44
6, 39, 19, 22, 48, 25, 40, 44
3, 10, 36, 46, 33, 19, 42, 0
7, 32, 21, 4, 7, 50, 24, 28
4, 30, 11, 19, 35, 34, 45, 43
7, 37, 45, 17, 48, 21, 29, 47
4, 18, 37, 16, 2, 23, 41, 4
10, 8, 17, 40, 16, 38, 20, 18
4, 30, 7, 34, 23, 35, 13, 48
5, 11, 41, 42, 25, 26, 47, 28
8, 2, 50, 20, 28, 47, 45, 8
2, 43, 33, 44, 13, 48, 2, 29
5, 17, 45, 39, 18, 28, 0, 50
2, 24, 35, 8, 31, 42, 30, 15
10, 39, 34, 21, 23, 7, 6, 30
2, 42, 16, 14, 3, 21, 18, 0
4, 3, 31, 35, 42, 17, 4, 30
9, 23, 4, 5, 11, 39, 49, 48
10, 48, 3, 6, 21, 28, 9, 13
7, 30, 22, 40, 36, 5, 41, 28
6, 23, 3, 32, 46, 15, 48, 35
8, 42, 33, 1, 5, 10, 25, 34
9, 5, 43, 15, 2, 40, 46, 10
7, 27, 33, 42, 46, 18, 0, 36
2, 3, 45, 13, 49, 26, 2, 34
8, 4, 14, 1, 9, 6, 27, 42
5, 9, 47, 36, 26, 15, 10, 41
4, 25, 31, 23, 1, 49, 43, 35
7, 15, 31, 47, 18, 27, 29, 7
10, 37, 24, 31, 11, 51, 16, 19
2, 39, 29, 35, 12, 5, 11, 7
2, 10, 35, 18, 24, 41, 37, 30
10, 12, 16, 14, 5, 26, 23, 37
3, 32, 44, 20, 41, 31, 8, 16
3, 50, 10, 39, 18, 13, 17, 46
6, 38, 4, 35, 8, 19, 33, 29
6, 26, 24, 4, 30, 7, 5, 16
6, 29, 50, 1, 11, 15, 16, 37
10, 14, 21, 5, 12, 30, 46, 49
4, 20, 15, 45, 1, 0, 35, 50
10, 20, 8, 11, 9, 3, 26, 50
2, 31, 30, 26, 13, 25, 27, 43
9, 18, 10, 5, 40, 4, 23, 45
8, 17, 36, 48, 30, 23, 9, 27
5, 40, 20, 16, 41, 26, 8, 35
4, 16, 38, 33, 1, 25, 37, 34
6, 14, 45, 20, 28, 21, 12, 16
2, 35, 6, 10, 39, 26, 31, 15
6, 12, 16, 24, 36, 30, 50, 26
6, 50, 41, 23, 10, 2, 24, 43
6, 30, 43, 48, 27, 35, 9, 8
5, 42, 47, 15, 1, 45, 41, 30
3, 40, 30, 38, 37, 0, 15, 12
7, 44, 9, 42, 15, 16, 19, 35
4, 24, 15, 20, 23, 48, 45, 14
6, 26, 24, 37, 38, 2, 19, 44
10, 0, 13, 39, 44, 43, 19, 10
8, 49, 47, 45, 51, 32, 23, 31
8, 25, 3, 2, 42, 10, 17, 36
3, 19, 4, 7, 6, 3, 50, 11
6, 18, 16, 43, 27, 41, 50, 14
10, 19, 20, 38, 17, 36, 46, 5
2, 48, 22, 39, 3, 29, 17, 6
10, 4, 51, 10, 13, 23, 21, 47
9, 17, 25, 34, 37, 10, 0, 23
8, 48, 6, 27, 34, 40, 29, 20
4, 20, 35, 12, 8, 49, 46, 10
10, 12, 42, 14, 50, 38, 40, 51
10, 12, 45, 16, 20, 33, 36, 18
5, 18, 37, 42, 21, 13, 12, 29
8, 22, 12, 40, 4, 28, 18, 19
4, 42, 16, 17, 3, 37, 31, 23
7, 47, 42, 13, 14, 18, 28, 39
8, 17, 14, 6, 36, 46, 33, 28
4, 44, 24, 31, 38, 7, 0, 17
2, 27, 20, 24, 1, 2, 45, 0
6, 16, 35, 33, 12, 11, 1, 32
3, 8, 26, 3, 21, 22, 1, 28
2, 51, 19, 35, 37, 31, 23, 8
5, 15, 47, 45, 32, 0, 43, 13
7, 51, 16, 4, 47, 21, 17, 34
2, 8, 30, 34, 33, 15, 13, 18
2, 7, 29, 19, 30, 35, 0, 16
9, 27, 10, 7, 32, 30, 6, 11
9, 36, 5, 28, 46, 6, 39, 35
9, 22, 38, 16, 3, 15, 7, 39
7, 3, 51, 14, 4, 7, 42, 17
6, 32, 33, 0, 30, 41, 36, 46
8, 50, 6, 26, 16, 31, 22, 40
8, 8, 11, 9, 19, 40, 32, 1
10, 21, 51, 49, 30, 17, 11, 3
8, 50, 51, 35, 21, 30, 1, 27
10, 18, 3, 37, 1, 11, 29, 16
9, 10, 37, 7, 32, 12, 42, 4
6, 44, 40, 15, 32, 41, 33, 51
4, 32, 26, 37, 45, 0, 35, 16
5, 32, 21, 42, 20, 51, 43, 36
9, 37, 33, 48, 44, 17, 6, 25
9, 24, 25, 47, 39, 48, 11, 27
2, 6, 39, 11, 16, 9, 45, 34
8, 42, 34, 51, 50, 33, 1, 4
7, 24, 30, 8, 0, 43, 46, 47
5, 38, 11, 34, 45, 14, 8, 32
7, 48, 1, 4, 24, 10, 46, 28
3, 27, 48, 49, 24, 37, 32, 10
10, 16, 7, 39, 43, 12, 0, 6
10, 19, 49, 25, 14, 41, 6, 28
4, 49, 32, 17, 3, 29, 40, 14
8, 41, 4, 5, 33, 39, 25, 15
6, 37, 45, 24, 19, 0, 49, 7
3, 3, 42, 27, 2, 10, 23, 31
2, 24, 15, 48, 29, 10, 47, 23
3, 5, 37, 9, 1, 46, 41, 51
8, 47, 26, 29, 42, 31, 2, 27
9, 24, 21, 8, 19, 36, 15, 14
8, 40, 15, 3, 26, 41, 10, 34
9, 11, 19, 29, 37, 31, 9, 41
8, 25, 13, 44, 34, 4, 10, 39
7, 16, 45, 35, 13, 51, 38, 21
5, 4, 9, 11, 16, 32, 45, 38
5, 45, 4, 40, 0, 6, 18, 10
6, 24, 0, 33, 16, 34, 29, 31
10, 42, 29, 30, 7, 49, 9, 1
3, 5, 33, 46, 30, 10, 50, 16
3, 40, 11, 50, 42, 35, 10, 28
8, 12, 11, 3, 19, 44, 45, 5
4, 17, 38, 9, 31, 24, 14, 44
2, 36, 39, 6, 33, 25, 41, 16
3, 8, 10, 39, 17, 33, 24, 41
6, 51, 7, 3, 27, 31, 18, 32
9, 43, 49, 29, 12, 26, 24, 11
5, 19, 49, 22, 24, 18, 21, 37
10, 7, 15, 12, 17, 38, 21, 4
8, 31, 2, 13, 41, 45, 14, 3
5, 1, 28, 39, 30, 31, 17, 20
5, 22, 29, 21, 10, 49, 50, 48
4, 3, 30, 33, 44, 15, 6, 11
5, 11, 5, 41, 14, 34, 9, 43
4, 4, 49, 40, 43, 13, 17, 31
10, 11, 18, 24, 3, 17, 13, 28
10, 31, 41, 32, 13, 6, 7, 50
6, 31, 0, 45, 10, 51, 1, 7
